December 26, 2016 at 09:53AM	Faith (Remastered)	George Michael	Faith [Explicit]
December 26, 2016 at 09:55AM	Hey There	Rosemary Clooney	Come On-A My House
December 26, 2016 at 09:55AM	Careless Whisper	George Michael	Make It Big
December 26, 2016 at 10:02AM	Faith (Remastered)	George Michael	Faith [Explicit]
December 26, 2016 at 10:05AM	Father Figure	George Michael	Ladies And Gentlemen... The Best Of George Michael [Clean]
December 26, 2016 at 10:11AM	Safe	George Michael	Twenty Five [Clean]
December 26, 2016 at 10:11AM	Last Christmas	George Michael	Christmas Songs
December 26, 2016 at 10:11AM	I Want Your Sex (Pts. 1 & 2 Remastered) [Explicit]	George Michael	Faith [Explicit]
December 26, 2016 at 10:12AM	I Can't Make You Love Me	George Michael	Ladies And Gentlemen... The Best Of George Michael [Clean]
December 26, 2016 at 10:13AM	Brother Can You Spare A Dime (Remastered 2006)	George Michael	Twenty Five [Clean]
December 26, 2016 at 10:13AM	Freedom! '90	George Michael	Ladies And Gentlemen... The Best Of George Michael [Clean]
December 26, 2016 at 10:19AM	Radioactive	Imagine Dragons	Night Visions
December 26, 2016 at 10:22AM	Radioactive	Imagine Dragons	Night Visions
December 26, 2016 at 10:45AM	The Boys of Summer	The Ataris	So Long, Astoria
December 26, 2016 at 02:36PM	Eye of the Tiger	Survivor	Eye Of The Tiger
December 26, 2016 at 02:41PM	You Give Love A Bad Name	Bon Jovi	Slippery When Wet (Remastered)
December 26, 2016 at 02:44PM	Africa [Clean]	Toto	Toto IV
December 26, 2016 at 02:49PM	The Final Countdown	Europe	The Final Countdown
December 26, 2016 at 02:54PM	Take On Me	A-Ha	Hunting High And Low (Deluxe Edition)
December 26, 2016 at 02:56PM	Sweet Child O' Mine	Guns N' Roses	Appetite For Destruction [Explicit]
December 26, 2016 at 02:56PM	Crazy Train (Remastered)	Ozzy Osbourne	Blizzard of Ozz
December 26, 2016 at 02:56PM	Sharp Dressed Man (2008 Remastered Version)	ZZ Top	Eliminator
December 26, 2016 at 02:56PM	Ghostbusters (From "Ghostbusters")	Ray Parker Jr.	Ghostbusters (Original Motion Picture Soundtrack)
December 26, 2016 at 02:57PM	Another One Bites The Dust	Queen	The Game
December 26, 2016 at 03:00PM	Take Me Home Tonight	Eddie Money	The Best Of Eddie Money [Clean]
December 26, 2016 at 03:01PM	Helpless (Live at Rasputin Music, Berkeley, CA - April 16th, 2016)	Metallica	Hardwired...To Self-Destruct (Deluxe)
December 26, 2016 at 03:01PM	Learning to Fly	Pink Floyd	A Momentary Lapse of Reason
December 26, 2016 at 03:01PM	Hallelujah	Leonard Cohen	The Essential Leonard Cohen
December 26, 2016 at 03:01PM	Brass Monkey	Beastie Boys	Licensed To Ill
December 26, 2016 at 03:01PM	Need You Tonight	Inxs	Kick
December 26, 2016 at 03:01PM	Where The Streets Have No Name (Album Version - Remastered)	U2	The Joshua Tree (Remastered)
December 26, 2016 at 04:02PM	Smells Like Teen Spirit	Nirvana	Nevermind (Remastered)
December 26, 2016 at 04:05PM	Boomerang	JoJo Siwa	Boomerang
December 26, 2016 at 04:06PM	Radioactive	Imagine Dragons	Night Visions
December 26, 2016 at 04:21PM	Yellow Ledbetter	Pearl Jam	rearviewmirror (greatest hits 1991-2003) [Explicit]
December 26, 2016 at 04:26PM	Basket Case	Green Day	Dookie  [Explicit]
December 26, 2016 at 04:27PM	Friends in Low Places (The Long Version)	Garth Brooks	Double Live 25th Anniversary Edition
December 26, 2016 at 04:27PM	The Distance	Cake	Fashion Nugget [Explicit]
December 26, 2016 at 04:27PM	Always Be My Baby	Mariah Carey	Greatest Hits
December 26, 2016 at 04:28PM	Vision of Love	Mariah Carey	Mariah Carey
December 26, 2016 at 04:33PM	Heaven Beside You	Alice In Chains	Greatest Hits
December 26, 2016 at 04:40PM	Say Hello 2 Heaven	Temple Of The Dog	Temple Of The Dog
December 26, 2016 at 05:12PM	The First Noël (Duet with Faith Hill)	Josh Groban	Noel
December 26, 2016 at 05:17PM	To Where You Are	Josh Groban	Josh Groban
December 26, 2016 at 05:38PM	Bring Him Home (From "Les Misérables")	Josh Groban	Stages (Deluxe Version)
December 26, 2016 at 06:12PM	When You Say You Love Me	Josh Groban	Closer (U.S. Version)
December 26, 2016 at 06:13PM	When You Say You Love Me	Josh Groban	Closer (U.S. Version)
December 26, 2016 at 06:18PM	Silent Night	Josh Groban	Noel
December 26, 2016 at 07:18PM	I'm Yours / Somewhere Over The Rainbow	Straight No Chaser	Six Pack (Amazon Exclusive)
December 26, 2016 at 07:32PM	One Way or Another	Blondie	Mean Girls (Original Motion Picture Soundtrack)
December 26, 2016 at 07:33PM	I'm Yours	Jason Mraz	We Sing. We Dance. We Steal Things. [Explicit]
December 26, 2016 at 07:53PM	The Weight (2000 - Remaster)	The Band	Music From Big Pink
December 26, 2016 at 07:58PM	Up On Cripple Creek (2000 - Remaster)	The Band	The Band
December 26, 2016 at 07:59PM	I'm Yours	Jason Mraz	We Sing. We Dance. We Steal Things. [Explicit]
December 26, 2016 at 08:04PM	When You Say You Love Me	Josh Groban	Closer (U.S. Version)
December 26, 2016 at 08:09PM	Father Figure	George Michael	Ladies And Gentlemen... The Best Of George Michael [Clean]
December 26, 2016 at 08:09PM	All I Ask Of You (duet with Kelly Clarkson) [From "The Phantom Of The Opera"]	Josh Groban	Stages (Deluxe Version)
December 26, 2016 at 08:11PM	Gloria (2007 Remastered Live LP Version)	The Doors	The Very Best Of [w/bonus tracks]
December 27, 2016 at 07:20AM	I Will Survive	Cake	Fashion Nugget [Explicit]
December 27, 2016 at 07:20AM	I Will Survive (Rerecorded)	Gloria Gaynor	I Will Survive (Rerecorded)
December 27, 2016 at 07:25AM	Radioactive	Imagine Dragons	Night Visions
December 27, 2016 at 07:40AM	I'm Yours	Jason Mraz	We Sing. We Dance. We Steal Things. [Explicit]
December 27, 2016 at 07:43AM	Broken Heart	Sarah McLachlan	Shine On
December 27, 2016 at 07:43AM	Chopin: Nocturne No.2 in E Flat, Op.9 No.2	Vladimir Ashkenazy	Chopin: Favourite Piano Works (2 CDs)
December 27, 2016 at 07:44AM	Corelli: Concerto grosso in G minor, Op.6, No.8 "fatto per la notte di Natale" - 5. Pastorale (Largo)	Academy of St. Martin in the Fields and Sir Neville Marriner	Christmas Adagios (2 CD set)
December 27, 2016 at 07:46AM	Mozart: Fantasia in D Minor, K.397	Mitsuko Uchida	Mozart for Meditation - Quiet Music for Quiet Times
December 27, 2016 at 07:51AM	I'm Yours	Jason Mraz	We Sing. We Dance. We Steal Things. [Explicit]
December 27, 2016 at 07:51AM	Demons	Imagine Dragons	Night Visions (Deluxe)
December 27, 2016 at 07:54AM	I Bet My Life	Imagine Dragons	Smoke + Mirrors
December 27, 2016 at 07:55AM	On Top Of The World	Imagine Dragons	Night Visions
December 27, 2016 at 07:55AM	I Love You All the Time (Play It Forward Campaign)	Imagine Dragons	I Love You All the Time (Play It Forward Campaign)
December 27, 2016 at 07:55AM	Round And Round	Imagine Dragons	Night Visions (Deluxe)
December 27, 2016 at 07:58AM	Shots	Imagine Dragons	Smoke + Mirrors
December 27, 2016 at 07:59AM	Radioactive	Imagine Dragons	Night Visions
December 27, 2016 at 08:02AM	Radioactive	Imagine Dragons	Night Visions
December 27, 2016 at 08:02AM	I'm Yours	Jason Mraz	We Sing. We Dance. We Steal Things. [Explicit]
December 27, 2016 at 08:03AM	I'm Yours / Somewhere Over The Rainbow	Straight No Chaser	Six Pack (Amazon Exclusive)
December 27, 2016 at 08:09AM	Radioactive	Imagine Dragons	Night Visions
December 27, 2016 at 08:09AM	Yellow Ledbetter	Pearl Jam	rearviewmirror (greatest hits 1991-2003) [Explicit]
December 27, 2016 at 08:10AM	I'm Yours	Jason Mraz	We Sing. We Dance. We Steal Things. [Explicit]
December 27, 2016 at 09:29AM	Radioactive	Imagine Dragons	Night Visions
December 27, 2016 at 09:29AM	Everything	Michael Bublé	Call Me Irresponsible (Standard Edition)
December 27, 2016 at 10:23AM	Baby Got Back [Explicit]	Sir Mix-A-Lot	Mack Daddy
December 27, 2016 at 10:27AM	I Will Always Love You	Whitney Houston	Whitney The Greatest Hits
December 27, 2016 at 10:32AM	Hypnotize [Explicit]	The Notorious B.I.G.	Greatest Hits [Explicit]
December 27, 2016 at 10:35AM	Shoop	Salt-n-Pepa	Very Necessary
December 27, 2016 at 10:36AM	Jump Around [Explicit]	House Of Pain	House Of Pain [Explicit]
December 27, 2016 at 10:40AM	Everlong	Foo Fighters	The Colour And The Shape
December 27, 2016 at 10:43AM	Wonderwall (Remastered)	Oasis	(What's the Story) Morning Glory? [Remastered]
December 27, 2016 at 10:43AM	It's All Coming Back to Me Now	Celine Dion	The Essential Celine Dion
December 27, 2016 at 10:43AM	Ice Ice Baby	Vanilla Ice	To The Extreme
December 27, 2016 at 10:48AM	Don't Let The Sun Go Down On Me	George Michael & Elton John	Ladies And Gentlemen... The Best Of George Michael [Clean]
December 27, 2016 at 10:54AM	Fantasy	Mariah Carey	Daydream
December 27, 2016 at 10:58AM	Good Riddance (Time Of Your Life) [Explicit]	Green Day	Nimrod
December 27, 2016 at 11:00AM	Have I Told You Lately (2008 Remastered Version)	Rod Stewart	Vagabond Heart
December 27, 2016 at 11:04AM	Enter Sandman	Metallica	Metallica
December 27, 2016 at 11:10AM	Wonderwall (Remastered)	Oasis	(What's the Story) Morning Glory? [Remastered]
December 27, 2016 at 11:14AM	Got the Life	Korn	Follow The Leader [Explicit]
December 27, 2016 at 11:18AM	November Rain	Guns N' Roses	Use Your Illusion I
December 27, 2016 at 11:27AM	Will You Be There (Theme from ''Free Willy'')	Michael Jackson	Free Willy - Original Motion Picture Soundtrack
December 27, 2016 at 11:33AM	Lithium	Nirvana	Nevermind (Remastered)
December 27, 2016 at 11:37AM	Californication	Red Hot Chili Peppers	Californication [Explicit]
December 27, 2016 at 11:43AM	Gin And Juice (feat. Dat Nigga Daz) [Explicit]	Snoop Dogg	Doggystyle [Explicit]
December 27, 2016 at 11:46AM	Say It Ain't So	Weezer	Weezer (Blue Album)
December 27, 2016 at 11:51AM	Fade Into You	Mazzy Star	So Tonight That I Might See
December 27, 2016 at 11:56AM	Ignition (Remix)	R. Kelly	Chocolate Factory
December 27, 2016 at 11:59AM	Sabotage [Explicit]	Beastie Boys	Ill Communication [Explicit]
December 27, 2016 at 12:02PM	Today	Smashing Pumpkins	Siamese Dream
December 27, 2016 at 12:05PM	3:00 AM	Matchbox Twenty	Yourself Or Someone Like You
December 27, 2016 at 12:09PM	Learn to Fly	Foo Fighters	There Is Nothing Left To Lose
December 27, 2016 at 12:13PM	Creep [Explicit]	Radiohead	Pablo Honey [Explicit]
December 27, 2016 at 12:17PM	Would?	Alice In Chains	Dirt
December 27, 2016 at 12:19PM	Islands in the Stream	Dolly Parton & Kenny Rogers	Ultimate Dolly Parton
December 27, 2016 at 12:22PM	I Want Your Sex (Pts. 1 & 2 Remastered) [Explicit]	George Michael	Faith [Explicit]
December 27, 2016 at 12:30PM	Careless Whisper	George Michael	Make It Big
December 27, 2016 at 12:31PM	A Different Corner	George Michael	Ladies And Gentlemen... The Best Of George Michael [Clean]
December 27, 2016 at 12:32PM	My Baby Just Cares for Me	George Michael	Twenty Five [Clean]
December 27, 2016 at 12:33PM	Monkey (Remastered)	George Michael	Faith [Explicit]
December 27, 2016 at 12:38PM	Last Christmas	George Michael	Christmas Songs
December 27, 2016 at 12:41PM	Fantasy	George Michael	Ladies And Gentlemen... The Best Of George Michael [Clean]
December 27, 2016 at 12:46PM	Brother Can You Spare A Dime (Remastered 2006)	George Michael	Twenty Five [Clean]
December 27, 2016 at 12:47PM	I'm Yours	Jason Mraz	We Sing. We Dance. We Steal Things. [Explicit]
December 27, 2016 at 12:50PM	Delusions of Saviour	Slayer	Repentless [Explicit]
December 27, 2016 at 12:50PM	Take It Easy	Eagles	Selected Works 1972-1999
December 27, 2016 at 12:54PM	Take It To The Limit	Eagles	Selected Works 1972-1999
December 27, 2016 at 12:55PM	Hey, Soul Sister	Train	Save Me, San Francisco
December 27, 2016 at 12:59PM	Shake Up Christmas (Tahoe Version)	Train	Christmas In Tahoe (An Amazon Music Original)
December 27, 2016 at 12:59PM	Drive By	Train	California 37
December 27, 2016 at 01:03PM	Drops Of Jupiter	Train	Drops Of Jupiter
December 27, 2016 at 01:07PM	Angel in Blue Jeans	Train	Bulletproof Picasso
December 27, 2016 at 01:08PM	Take It To The Limit	Eagles	Selected Works 1972-1999
December 27, 2016 at 01:08PM	Already Gone	Eagles	Selected Works 1972-1999
December 27, 2016 at 01:12PM	In The City	Eagles	Selected Works 1972-1999
December 27, 2016 at 01:16PM	Take It Easy	Eagles	Selected Works 1972-1999
December 27, 2016 at 01:19PM	Train Leaves Here This Morning (Remastered LP Version)	Eagles	Selected Works 1972-1999
December 27, 2016 at 01:20PM	The Boxer	Simon & Garfunkel	The Best Of Simon & Garfunkel
December 27, 2016 at 01:23PM	The Sounds Of Silence (Live)	Simon & Garfunkel	Greatest Hits
December 27, 2016 at 01:23PM	Baby Driver	Simon & Garfunkel	The Essential Simon & Garfunkel
December 27, 2016 at 01:23PM	April Come She Will	Simon & Garfunkel	Sounds Of Silence
December 27, 2016 at 01:25PM	50 Ways to Leave Your Lover (Live)	Simon & Garfunkel	The Concert in Central Park (Live)
December 27, 2016 at 01:29PM	Bookends Theme	Simon & Garfunkel	Bookends
December 27, 2016 at 01:31PM	El Condor Pasa (If I Could)	Simon & Garfunkel	The Best Of Simon & Garfunkel
December 27, 2016 at 01:34PM	Bleecker Street	Simon & Garfunkel	The Essential Simon & Garfunkel
December 27, 2016 at 01:37PM	Anji	Simon & Garfunkel	Sounds Of Silence
December 27, 2016 at 01:39PM	Kodachrome / Mabellene (Live)	Simon & Garfunkel	The Concert in Central Park (Live)
December 27, 2016 at 01:48PM	Ave Maria	Josh Groban	Noel
December 27, 2016 at 01:48PM	When You Say You Love Me	Josh Groban	Closer (U.S. Version)
December 27, 2016 at 01:56PM	It Came Upon A Midnight Clear	Josh Groban	Noel
December 27, 2016 at 01:59PM	To Where You Are	Josh Groban	Josh Groban
December 27, 2016 at 02:02PM	You Raise Me Up	Josh Groban	Closer (U.S. Version)
December 27, 2016 at 02:02PM	You'll Never Walk Alone (From "Carousel")	Josh Groban	Stages (Deluxe Version)
December 27, 2016 at 02:03PM	Memory	Barbra Streisand	Memories
December 27, 2016 at 02:06PM	The Way We Move	Langhorne Slim	The Way We Move
December 27, 2016 at 02:06PM	The Way We Were	Barbra Streisand with Lionel Richie	Partners
December 27, 2016 at 02:12PM	Careless Whisper	George Michael	Make It Big
December 27, 2016 at 02:13PM	Father Figure	George Michael	Ladies And Gentlemen... The Best Of George Michael [Clean]
December 27, 2016 at 02:18PM	Faith (Remastered)	George Michael	Faith [Explicit]
December 27, 2016 at 02:22PM	Last Christmas	George Michael	Christmas Songs
December 27, 2016 at 02:25PM	Brother Can You Spare A Dime (Remastered 2006)	George Michael	Twenty Five [Clean]
December 27, 2016 at 02:30PM	Freedom! '90	George Michael	Ladies And Gentlemen... The Best Of George Michael [Clean]
December 27, 2016 at 03:25PM	Delusions of Saviour	Slayer	Repentless [Explicit]
December 27, 2016 at 03:27PM	Angel Of Death	Slayer	Reign In Blood (Expanded)
December 27, 2016 at 03:28PM	Murder One	Metallica	Hardwired...To Self-Destruct (Deluxe)
December 27, 2016 at 03:28PM	One	Ed Sheeran	x (Deluxe Edition)
December 27, 2016 at 03:29PM	Murder One	Metallica	Hardwired...To Self-Destruct (Deluxe)
December 27, 2016 at 03:29PM	Yellow Ledbetter	Pearl Jam	rearviewmirror (greatest hits 1991-2003) [Explicit]
December 27, 2016 at 04:37PM	Faith	George Michael	Ladies And Gentlemen... The Best Of George Michael [Clean]
December 27, 2016 at 04:37PM	I Want Your Sex (Pts. 1 & 2 Remastered) [Explicit]	George Michael	Faith [Explicit]
December 27, 2016 at 04:37PM	Father Figure	George Michael	Ladies And Gentlemen... The Best Of George Michael [Clean]
December 27, 2016 at 05:06PM	When You Say You Love Me	Josh Groban	Closer (U.S. Version)
December 27, 2016 at 05:07PM	Forever, For Now (Album Version)	Harry Connick Jr.	We Are In Love
December 27, 2016 at 06:05PM	Time	Hans Zimmer	Inception (Music From The Motion Picture)
December 27, 2016 at 06:08PM	Paul and Storm - Theme Song	Paul and Storm	Do You Like Star Wars?
December 27, 2016 at 06:08PM	Main Theme (From "Star Wars")	John Williams	John Williams Conducts John Williams
December 27, 2016 at 06:23PM	O Holy Night	Mariah Carey	Merry Christmas
December 27, 2016 at 06:25PM	Hero	Skillet	Awake (Deluxe)
December 27, 2016 at 06:25PM	Don't Wait Too Long	Tony Bennett	Cheek To Cheek (Deluxe)
December 27, 2016 at 06:26PM	Hero	Skillet	Awake (Deluxe)
December 27, 2016 at 06:26PM	Hero	Mariah Carey	Greatest Hits
December 27, 2016 at 06:26PM	My All	Mariah Carey	Greatest Hits
December 27, 2016 at 06:27PM	Heart Attack	Enrique Iglesias	Sex And Love (Deluxe) [Explicit]
December 27, 2016 at 06:27PM	No Me Digas Que No [feat. Wisin]	Enrique Iglesias	Euphoria (Standard US/Latin Version)
December 27, 2016 at 06:28PM	Only A Woman	Enrique Iglesias	Sex And Love (Deluxe Edition)
December 27, 2016 at 06:28PM	Oh My Love (2010 - Remaster)	John Lennon	Imagine
December 27, 2016 at 06:28PM	Radioactive	Imagine Dragons	Night Visions
December 27, 2016 at 06:29PM	Imagine (2010 - Remaster)	John Lennon	Imagine
December 27, 2016 at 06:30PM	Alone In My Home	Jack White	Lazaretto
December 27, 2016 at 06:30PM	Viva La Vida	Coldplay	Viva La Vida
December 27, 2016 at 06:30PM	Without You	Mariah Carey	Greatest Hits
December 27, 2016 at 06:31PM	My All	Mariah Carey	Greatest Hits
December 27, 2016 at 06:34PM	Baby Got Back [Explicit]	Sir Mix-A-Lot	Mack Daddy
December 27, 2016 at 06:36PM	Child In Time (2010 Remix)	Deep Purple	Deepest Purple (30th Anniversary Edition)
December 27, 2016 at 06:41PM	Voodoo Child (Slight Return) (Live)	The Jimi Hendrix Experience	Freedom: Atlanta Pop Festival (Live)
December 27, 2016 at 06:42PM	Jump Around [Explicit]	House Of Pain	House Of Pain [Explicit]
December 27, 2016 at 06:43PM	Round And Round	Imagine Dragons	Night Visions (Deluxe)
December 27, 2016 at 06:43PM	I'm Yours	Jason Mraz	We Sing. We Dance. We Steal Things. [Explicit]
December 27, 2016 at 06:47PM	Seven Nation Army	The White Stripes	Elephant
December 27, 2016 at 06:48PM	Wait	NF	Mansion
December 27, 2016 at 06:49PM	Tis a Pity She Was a Whore [Explicit]	David Bowie	Blackstar [Explicit]
December 27, 2016 at 06:49PM	Genesis Ch.1. V.32	The Alan Parsons Project	I Robot
December 27, 2016 at 06:49PM	Clubbed To Death	Escala	Escala
December 27, 2016 at 06:55PM	A Whiter Shade Of Pale	Procol Harum	Greatest Hits: Procol Harum
December 27, 2016 at 06:56PM	Mama Said	Lukas Graham	Lukas Graham
December 27, 2016 at 06:58PM	Too Close	Alex Clare	The Lateness Of The Hour
December 27, 2016 at 07:02PM	Round And Round	Ratt	Out Of The Cellar
December 27, 2016 at 07:03PM	Round And Round	Imagine Dragons	Night Visions (Deluxe)
December 27, 2016 at 07:08PM	The Night Begins to Shine	B.E.R.	The Night Begins to Shine
December 27, 2016 at 07:30PM	Toes	Zac Brown Band	The Foundation
December 27, 2016 at 07:30PM	Kiss From A Rose	Seal	Seal [1994]
December 27, 2016 at 07:31PM	Smoke Two Joints	Sublime	40oz. To Freedom [Explicit]
December 27, 2016 at 07:32PM	I Got A Story To Tell	The Notorious B.I.G.	Life After Death (Deluxe Version) [Explicit]
December 27, 2016 at 07:32PM	Gin And Juice (feat. Dat Nigga Daz) [Explicit]	Snoop Dogg	Doggystyle [Explicit]
December 27, 2016 at 07:35PM	Don't Stop (featuring JT The Bigga Figga) [Explicit]	Snoop Dogg	Mandatory Hyphy Vol. 1 [Explicit]
December 27, 2016 at 07:36PM	This Life	Snoop Dogg	50 Hip Hop Classics
December 27, 2016 at 07:36PM	G Funk (Intro) [Explicit]	Snoop Dogg	Doggystyle [Explicit]
December 27, 2016 at 07:36PM	Intro (feat. Snoop Dogg) [Explicit]	Snoop Dogg	Duces 'N Trayz: The Old Fashioned Way [Explicit]
December 27, 2016 at 07:38PM	So Hard	Snoop Dogg	Catch a Fade Vol.2 Beef Series
December 27, 2016 at 07:38PM	Smokin' Weed [Explicit]	Snoop Dogg	Snoop Doggy Dogg [Explicit]
December 27, 2016 at 07:39PM	Dose of This	Snoop Dogg	Big Money Vol.2
December 27, 2016 at 07:39PM	Murder Was The Case (Death After Visualizing Eternity) (feat. Dat Nigga Daz) [Explicit]	Snoop Dogg	Doggystyle [Explicit]
December 27, 2016 at 07:54PM	The Next Episode [feat. Snoop Dogg] [Explicit]	Dr. Dre	2001 [Explicit]
December 28, 2016 at 07:35AM	To Be With You	Mr. Big	Lean Into It
December 28, 2016 at 08:00AM	Gira Con Me Questa Notte	Josh Groban	Josh Groban
December 28, 2016 at 08:01AM	Nearly Forgot My Broken Heart	Chris Cornell	Higher Truth
December 28, 2016 at 08:01AM	I Don't Trust Myself (With Loving You) (Live at the Nokia Theatre)	John Mayer	Where The Light Is: John Mayer Live In Los Angeles
December 28, 2016 at 09:02AM	Oh My Love (2010 - Remaster)	John Lennon	Imagine
December 28, 2016 at 09:04AM	Mind Games (2010 - Remaster)	John Lennon	Mind Games
December 28, 2016 at 09:06AM	Stand By Me (2010 - Remaster)	John Lennon	Rock 'N' Roll
December 28, 2016 at 09:07AM	Kissing a Fool (Remastered)	George Michael	Faith [Explicit]
December 28, 2016 at 09:07AM	All I Know Of Love (Duet with Josh Groban) [Clean]	Barbra Streisand;Josh Groban	Duets
December 28, 2016 at 09:12AM	All Of Me	John Legend	Love In The Future
December 28, 2016 at 09:14AM	American Pie	Don McLean	American Pie
December 28, 2016 at 09:14AM	I Dreamed a Dream	Susan Boyle	I Dreamed A Dream
December 28, 2016 at 09:17AM	Budapest	George Ezra	Did You Hear the Rain?
December 28, 2016 at 09:24AM	Have You Ever Been In Love (Album Version)	Celine Dion	One Heart
December 28, 2016 at 09:28AM	You're Only Human (Second Wind)	Billy Joel	Greatest Hits Volume I & Volume II
December 28, 2016 at 01:12PM	Mary, Did You Know?	Pentatonix	That's Christmas To Me (Deluxe Edition)
December 28, 2016 at 01:15PM	Santa Claus Is Coming To Town	Michael Bublé	Christmas
December 28, 2016 at 01:18PM	Jingle Bell Rock	Bobby Helms	Jingle Bell Rock
December 28, 2016 at 01:20PM	Sleigh Ride	The Ronettes	A Christmas Gift For You From Phil Spector
December 28, 2016 at 01:23PM	This Christmas	Donny Hathaway	A Donny Hathaway Collection
December 28, 2016 at 01:27PM	O Holy Night	Il Divo	The Christmas Collection
December 28, 2016 at 01:31PM	What I'm Thankful For (The Thanksgiving Song) (with James Taylor)	Garth Brooks and Trisha Yearwood	Christmas Together
December 28, 2016 at 02:16PM	Jingle Bells (Feat. The Puppini Sisters)	Michael Bublé	Christmas
December 28, 2016 at 02:18PM	O Come, All Ye Faithful	Pentatonix	A Pentatonix Christmas
December 28, 2016 at 02:22PM	We Three Kings	The Piano Guys	A Family Christmas
December 28, 2016 at 02:23PM	Rudolph The Red-Nosed Reindeer	Straight No Chaser	Christmas Cheers
December 28, 2016 at 02:23PM	You're A Mean One, Mr. Grinch	Thurl Ravenscroft	Dr. Seuss' How The Grinch Stole Christmas!
December 28, 2016 at 02:28PM	It's the Most Wonderful Time of the Year	Andy Williams	The Andy Williams Christmas Album
December 28, 2016 at 02:31PM	Feliz Navidad	José Feliciano	Feliz Navidad
December 28, 2016 at 02:33PM	(There's No Place Like) Home for the Holidays (1959 Version)	Perry Como	A Perry Como Christmas
December 28, 2016 at 02:36PM	Wrapped in Red	Kelly Clarkson	Wrapped In Red
December 28, 2016 at 02:38PM	I Saw Mommy Kissing Santa Claus	Jackson 5	Ultimate Christmas Collection
December 28, 2016 at 02:41PM	Deck The Rooftop (Glee Cast Version)	Glee Cast	Glee: The Music, The Christmas Album
December 28, 2016 at 02:42PM	Christmas/ Sarajevo 12/24 [Instrumental]	Trans-Siberian Orchestra	Christmas Eve And Other Stories
December 28, 2016 at 02:45PM	Baby It's Cold Outside (duet with Michael Bublé)	Idina Menzel	Holiday Wishes
December 28, 2016 at 02:48PM	We Need a Little Christmas	Johnny Mathis	The Christmas Music Of Johnny Mathis: A Personal Collection
December 28, 2016 at 02:50PM	Hark! The Herald Angels Sing/Gloria (In Excelsis Deo)	Mariah Carey	Merry Christmas
December 28, 2016 at 02:53PM	Home (feat. Michael Bublé)	Blake Shelton	Cheers, it's Christmas.
December 28, 2016 at 02:57PM	(It Must've Been Ol') Santa Claus	Harry Connick Jr.	When My Heart Finds Christmas
December 28, 2016 at 03:01PM	It's Beginning To Look A Lot Like Christmas	Michael Bublé	Christmas
December 28, 2016 at 03:05PM	God Rest Ye Merry Gentlemen	Pentatonix	A Pentatonix Christmas
December 28, 2016 at 03:07PM	Winter Wind	The Piano Guys	A Family Christmas
December 28, 2016 at 03:12PM	The First Noël (Duet with Faith Hill)	Josh Groban	Noel
December 28, 2016 at 03:16PM	Santa Looked a Lot Like Daddy	Brad Paisley	Brad Paisley Christmas
December 28, 2016 at 03:16PM	It Must Be Christmas	Chris Young	It Must Be Christmas
December 28, 2016 at 03:18PM	Merry Christmas Baby	Otis Redding	A Classic Soul Christmas
December 28, 2016 at 03:20PM	The 12 Days Of Christmas	Straight No Chaser	Christmas Cheers
December 28, 2016 at 03:23PM	Christmas Eve	Celine Dion	These Are Special Times
December 28, 2016 at 03:27PM	Run Run Rudolph	Kelly Clarkson	Wrapped In Red
December 28, 2016 at 03:30PM	Rockin' Around the Christmas Tree	Brenda Lee	Rockin' Around With Brenda Lee
December 28, 2016 at 03:32PM	Frosty the Snowman	The Ronettes	A Christmas Gift For You From Phil Spector
December 28, 2016 at 03:34PM	Last Christmas (Glee Cast Version)	Glee Cast	Glee: The Music, The Christmas Album
December 28, 2016 at 03:38PM	God Bless Us Everyone	Andrea Bocelli	My Christmas (Remastered)
December 28, 2016 at 03:41PM	Jesus Born On This Day	Mariah Carey	Merry Christmas
December 28, 2016 at 03:45PM	Winter Wonderland	Blake Shelton	Cheers, it's Christmas.
December 28, 2016 at 03:47PM	Ho Ho Ho And A Bottle Of Rhum	Jimmy Buffett	Christmas Island
December 28, 2016 at 03:51PM	All I Want For Christmas Is You	Michael Bublé	Christmas
December 28, 2016 at 03:54PM	The Christmas Sing-Along	Pentatonix	A Pentatonix Christmas
December 28, 2016 at 03:58PM	O Come, O Come, Emmanuel	The Piano Guys	A Family Christmas
December 28, 2016 at 04:03PM	Merry Christmas Darling (Album Version/Remix)	Carpenters	Christmas Portrait (Special Edition)
December 28, 2016 at 04:06PM	River	James Taylor	James Taylor At Christmas (Bonus Track Version)
December 28, 2016 at 04:09PM	Toyland	Barry Manilow	In The Swing Of Christmas
December 28, 2016 at 04:13PM	Candy Cane Christmas	Darius Rucker	Home For The Holidays
December 28, 2016 at 04:16PM	Barcarola (You Must Be A Christmas Tree)	Sufjan Stevens	Silver & Gold
December 28, 2016 at 04:23PM	The Blessed Dawn Of Christmas Day (Album Version)	Harry Connick Jr.	When My Heart Finds Christmas
December 28, 2016 at 04:28PM	The Christmas Can-Can	Straight No Chaser	Christmas Cheers
December 28, 2016 at 04:31PM	Grown-Up Christmas List	Amy Grant	Home For Christmas
December 28, 2016 at 04:36PM	Don't Save It All for Christmas Day	Celine Dion	These Are Special Times
December 28, 2016 at 04:40PM	All I Want Is You (This Christmas)	*Nsync	Home For Christmas
December 28, 2016 at 04:44PM	Give Love On Christmas Day	Jackson 5	Ultimate Christmas Collection
December 28, 2016 at 04:47PM	Shake Up Christmas (Tahoe Version)	Train	Christmas In Tahoe (An Amazon Music Original)
December 28, 2016 at 04:51PM	Miss You Most (At Christmas Time)	Mariah Carey	Merry Christmas
December 28, 2016 at 04:56PM	Oklahoma Christmas (feat. Reba)	Blake Shelton	Cheers, it's Christmas.
December 28, 2016 at 04:59PM	White Christmas (Duet With Shania Twain)	Michael Bublé	Christmas
December 28, 2016 at 05:03PM	I'll Be Home For Christmas	Pentatonix	A Pentatonix Christmas
December 28, 2016 at 05:06PM	Where Are You Christmas	The Piano Guys feat. Sarah Schmidt	A Family Christmas
December 28, 2016 at 05:10PM	8 Days of Christmas	Destiny's Child	8 Days Of Christmas
December 28, 2016 at 05:14PM	Happy Holiday / The Holiday Season	Andy Williams	The Andy Williams Christmas Album
December 28, 2016 at 05:16PM	Mele Kalikimaka	Jimmy Buffett	Christmas Island
December 28, 2016 at 05:19PM	Please Come Home for Christmas (Bells Will Be Ringing)	Kelly Clarkson	Wrapped In Red
December 28, 2016 at 05:23PM	Auld Lang Syne	James Taylor	James Taylor At Christmas (Bonus Track Version)
December 28, 2016 at 05:26PM	O Little Town of Bethlehem	Sarah McLachlan	Wintersong
December 28, 2016 at 05:30PM	Donde Esta Santa Claus	Straight No Chaser	Christmas Cheers
December 28, 2016 at 05:33PM	Do They Know It's Christmas? (Glee Cast Version)	Glee Cast	Glee: The Music, The Christmas Album Volume 2
December 28, 2016 at 05:36PM	Let It Snow, Let It Snow, Let It Snow	Darius Rucker	Home For The Holidays
December 28, 2016 at 05:39PM	A Holly Jolly Christmas	Lady Antebellum	On This Winter's Night
December 28, 2016 at 06:43PM	Remember the Tarpon	Harry Connick Jr.	Occasion: Connick on Piano 2
December 28, 2016 at 06:43PM	Oh My Love (2010 - Remaster)	John Lennon	Imagine
December 28, 2016 at 06:45PM	Stand By Me (2010 - Remaster)	John Lennon	Rock 'N' Roll
December 28, 2016 at 06:48PM	Mind Games (2010 - Remaster)	John Lennon	Mind Games
December 28, 2016 at 07:09PM	Stand By You	Rachel Platten	Wildfire
December 28, 2016 at 07:14PM	Stand By Me (2010 - Remaster)	John Lennon	Rock 'N' Roll
December 28, 2016 at 07:15PM	Aquarius / Let the Sunshine In (The Flesh Failures) (Remastered)	The Fifth Dimension	The Age Of Aquarius
December 28, 2016 at 07:16PM	Stand By Me	Ben E. King	Stand By Me
December 28, 2016 at 07:17PM	Yellow Ledbetter	Pearl Jam	rearviewmirror (greatest hits 1991-2003) [Explicit]
December 28, 2016 at 07:19PM	How You Gonna See Me Now	Alice Cooper	From The Inside
December 28, 2016 at 08:15PM	Radioactive	Imagine Dragons	Night Visions
December 29, 2016 at 09:14AM	A Wink and a Smile	Harry Connick Jr.	Sleepless In Seattle: Original Motion Picture Soundtrack
December 29, 2016 at 09:14AM	To Where You Are	Josh Groban	Josh Groban
December 29, 2016 at 09:14AM	I See the Light	Jackie Evancho with Jacob Evancho	Songs From The Silver Screen
December 29, 2016 at 09:14AM	Baby Blue	Dave Matthews Band	Big Whiskey And The GrooGrux King
December 29, 2016 at 09:15AM	Bright Lights (Remastered Version)	Matchbox Twenty	Exile On Mainstream
December 29, 2016 at 09:15AM	The End of the World	Susan Boyle	I Dreamed A Dream
December 29, 2016 at 09:16AM	Close Your Eyes	Michael Bublé	To Be Loved
December 29, 2016 at 09:19AM	Nina	Ed Sheeran	x
December 29, 2016 at 09:20AM	Stand By Your Side (Album Version)	Celine Dion	One Heart
December 29, 2016 at 09:23AM	Nlytm	Rob Thomas	The Great Unknown
December 29, 2016 at 09:24AM	Bizet: Les pêcheurs de perles, WD 13 - "C'était le soir - Au fond du temple Saint"	Andrea Bocelli and Barry Wordsworth and Bryn Terfel and London Symphony Orchestra	Opera - The Ultimate Collection (Digital Bonus Track Version)
December 29, 2016 at 09:25AM	Happy In My Heartache	Josh Groban	All That Echoes
December 29, 2016 at 09:28AM	La Promessa	Il Divo	The Promise
December 29, 2016 at 09:33AM	Marvin Hamlisch intro	Barbra Streisand	Back to Brooklyn
December 29, 2016 at 09:34AM	From Here to the Moon and Back	Willie Nelson feat. Dolly Parton	To All The Girls...
December 29, 2016 at 12:26PM	What A Wonderful World (Single Version)	Louis Armstrong	What A Wonderful World
December 29, 2016 at 12:28PM	That's Life	Frank Sinatra	That's Life
December 29, 2016 at 12:29PM	Me Too	Meghan Trainor	Thank You (Deluxe)
December 29, 2016 at 12:32PM	Send My Love (To Your New Lover)	Adele	25
December 29, 2016 at 12:33PM	All About That Bass	Meghan Trainor	Title (Deluxe)
December 29, 2016 at 12:35PM	Radioactive	Imagine Dragons	Night Visions
December 29, 2016 at 12:36PM	Heritage	Mannheim Steamroller	American Spirit
December 29, 2016 at 12:36PM	Crazy Train (Remastered)	Ozzy Osbourne	Blizzard of Ozz
December 29, 2016 at 12:36PM	Bailando (English Version) [feat. Descemer Bueno]	Enrique Iglesias	Sex And Love
December 29, 2016 at 12:37PM	Bailando (English Version) [feat. Descemer Bueno]	Enrique Iglesias	Sex And Love
December 29, 2016 at 12:37PM	Crazy Train (Remastered)	Ozzy Osbourne	Blizzard of Ozz
December 29, 2016 at 12:38PM	The Weight (2000 - Remaster)	The Band	Music From Big Pink
December 29, 2016 at 12:38PM	Often [Explicit]	The Weeknd	Beauty Behind The Madness [Explicit]
December 29, 2016 at 12:38PM	Stand By You	Rachel Platten	Wildfire
December 29, 2016 at 12:41PM	Alone In My Home	Jack White	Lazaretto
December 29, 2016 at 12:42PM	Dancing Queen	ABBA	Arrival
December 29, 2016 at 02:52PM	Coventry Carol	Pentatonix	A Pentatonix Christmas
December 29, 2016 at 02:54PM	Holly Jolly Christmas	Michael Bublé	Christmas
December 29, 2016 at 02:56PM	Good King Wenceslas	The Piano Guys	A Family Christmas
December 29, 2016 at 03:00PM	Blue Christmas	Elvis Presley	The Classic Christmas Album
December 29, 2016 at 03:02PM	Jingle Bell Rock	Bobby Helms	Jingle Bell Rock
December 29, 2016 at 03:04PM	Tinsel and Lights	Train	Christmas In Tahoe (An Amazon Music Original)
December 29, 2016 at 03:07PM	What I'm Thankful For (The Thanksgiving Song) (with James Taylor)	Garth Brooks and Trisha Yearwood	Christmas Together
December 29, 2016 at 03:07PM	Feliz Navidad	José Feliciano	Feliz Navidad
December 29, 2016 at 03:10PM	Wrapped in Red	Kelly Clarkson	Wrapped In Red
December 29, 2016 at 03:14PM	Sleigh Ride	The Ronettes	A Christmas Gift For You From Phil Spector
December 29, 2016 at 03:17PM	It's the Most Wonderful Time of the Year	Andy Williams	The Andy Williams Christmas Album
December 29, 2016 at 03:20PM	This Christmas	Donny Hathaway	A Donny Hathaway Collection
December 29, 2016 at 03:23PM	Santa's Got A Choo Choo Train	Blake Shelton	Cheers, it's Christmas.
December 29, 2016 at 03:27PM	O Holy Night	Mariah Carey	Merry Christmas
December 29, 2016 at 03:31PM	We Need a Little Christmas	Johnny Mathis	The Christmas Music Of Johnny Mathis: A Personal Collection
December 29, 2016 at 03:32PM	Christmas/ Sarajevo 12/24 [Instrumental]	Trans-Siberian Orchestra	Christmas Eve And Other Stories
December 29, 2016 at 03:36PM	Endless Love (ft. Aloe Blacc)	Jon Batiste	Christmas with Jon Batiste (An Amazon Music Original)
December 29, 2016 at 03:37PM	Mary's Little Boy Child	Harry Connick Jr.	Harry For The Holidays
December 29, 2016 at 03:37PM	Tchaikovsky: The Nutcracker, Op.71, TH.14 / Act 2 - No. 12e Dance of the Reed Pipes	Orchestra of the Mariinsky Theatre and Valery Gergiev	Tchaikovsky: The Nutcracker
December 29, 2016 at 03:40PM	Isabel (Spanish)	Il Divo	The Christmas Collection
December 29, 2016 at 03:40PM	I Saw Mommy Kissing Santa Claus	The Ronettes	A Christmas Gift For You From Phil Spector
December 29, 2016 at 03:40PM	Lips Are Movin	Meghan Trainor	Title (Deluxe)
December 29, 2016 at 03:47PM	Falling	Haim	Days Are Gone
December 29, 2016 at 03:47PM	Here Comes Santa Claus	Bob Dylan	Christmas In The Heart
December 29, 2016 at 03:50PM	Santa Claus Is Coming To Town	Jackson 5	Ultimate Christmas Collection
December 29, 2016 at 03:50PM	Traditional: Sussex Carol (On Christmas Night)	David Briggs and Stephen Cleobury and The Choir of King's College, Cambridge	O Come All Ye Faithful - Favourite Christmas Carols
December 29, 2016 at 03:51PM	The Christmas Waltz	Harry Connick Jr.	Harry For The Holidays
December 29, 2016 at 03:54PM	O Tannenbaum	Vince Guaraldi Trio	A Charlie Brown Christmas (Remastered & Expanded Edition)
December 29, 2016 at 03:59PM	Jingle Bells	Ella Fitzgerald	Ella Wishes You A Swinging Christmas (Expanded Edition)
December 29, 2016 at 03:59PM	Mistletoe And Holly (1999 - Remaster)	Frank Sinatra	A Jolly Christmas From Frank Sinatra
December 29, 2016 at 04:02PM	Joy To The World	Nat King Cole	The Christmas Song
December 29, 2016 at 04:03PM	Santariffic	Harry Connick Jr.	What A Night! A Christmas Album
December 29, 2016 at 04:07PM	The Sound Of Christmas	Ramsey Lewis Trio	Sound Of Christmas
December 29, 2016 at 04:09PM	Snowfall	Claude Thornhill	The Best of Christmas Party Jazz, Classics by Glen Miller, Ella Fitzgerald, Mel Torme & More!
December 29, 2016 at 04:12PM	The Merry Medley (Man with the Bag, I'd Like You for Christmas, Santa Claus Is Coming to Town)	New York Voices	Let It Snow
December 29, 2016 at 04:18PM	Angels We Have Heard On High / Joy To The World	Joe Pass	Joe Pass - Six String Santa
December 29, 2016 at 04:23PM	I've Got My Love To Keep Me Warm	Dean Martin	Christmas With The Rat Pack
December 29, 2016 at 04:26PM	It's the Most Wonderful Time of the Year	Harry Connick Jr.	What A Night! A Christmas Album
December 29, 2016 at 04:29PM	Violets For Your Furs	Stacey Kent	The Christmas Song
December 29, 2016 at 05:58PM	How Great Thou Art	Susan Boyle	I Dreamed A Dream
December 29, 2016 at 06:01PM	50 Ways to Say Goodbye	Train	California 37
December 29, 2016 at 06:05PM	What I Like About You	The Romantics	The Romantics
December 29, 2016 at 06:08PM	Memory (From "Cats")	The Cats	The Original Broadway
December 29, 2016 at 06:13PM	I Dreamed a Dream	Susan Boyle	I Dreamed A Dream
December 29, 2016 at 06:15PM	Clubbed To Death	Escala	Escala
December 29, 2016 at 06:19PM	Back Into the Woods	Stephen Sondheim	Into the Woods (Original Motion Picture Soundtrack/Deluxe Edition)
December 29, 2016 at 06:19PM	Clubbed To Death	Escala	Escala
December 29, 2016 at 06:20PM	22	Taylor Swift	Red
December 29, 2016 at 06:23PM	Mean	Taylor Swift	Speak Now
December 29, 2016 at 06:24PM	We Are Never Ever Getting Back Together	Taylor Swift	Red
December 29, 2016 at 06:27PM	Mean	Taylor Swift	Speak Now
December 30, 2016 at 04:18PM	Don't You Worry Child (feat. John Martin)	Swedish House Mafia	Until Now (Deluxe Version)
December 30, 2016 at 04:22PM	Miami 2 Ibiza [Explicit]	Swedish House Mafia vs. Tinie Tempah	Disc-Overy [Explicit]
December 30, 2016 at 04:25PM	Antidote	Swedish House Mafia vs. Knife Party	Until Now (Deluxe Version)
December 30, 2016 at 04:28PM	One (Your Name) [feat. Pharrell]	Swedish House Mafia	Until Now
December 30, 2016 at 04:30PM	3 Am Eternal	The KLF	Nº1 90's Vol. 11
December 30, 2016 at 04:36PM	Carmina Burana	Trans-Siberian Orchestra	Night Castle (Amazon Exclusive Version)
December 30, 2016 at 04:39PM	Just Breathe	Pearl Jam	Backspacer
December 30, 2016 at 04:42PM	Jeremy	Pearl Jam	Ten
December 30, 2016 at 04:48PM	Last Kiss	Pearl Jam	rearviewmirror (greatest hits 1991-2003) [Explicit]
December 30, 2016 at 04:51PM	Lips Are Movin	Meghan Trainor	Title (Deluxe)
December 30, 2016 at 04:52PM	Lips Are Movin	Meghan Trainor	Title (Deluxe)
December 30, 2016 at 04:57PM	The Man Who Sold The World	Nirvana	MTV Unplugged In New York
December 30, 2016 at 05:02PM	Smells Like Teen Spirit	Nirvana	Nevermind (Remastered)
December 30, 2016 at 05:07PM	Dive (Live At Pine Street Theatre)	Nirvana	Bleach (Deluxe)
December 30, 2016 at 05:08PM	Tourette's	Nirvana	In Utero - 20th Anniversary Remaster
December 30, 2016 at 05:09PM	Dumb	Nirvana	MTV Unplugged In New York
December 30, 2016 at 05:12PM	Stay Away	Nirvana	Nevermind (Remastered)
December 30, 2016 at 05:15PM	Molly's Lips (Live At Pine Street Theatre)	Nirvana	Bleach (Deluxe)
December 30, 2016 at 05:17PM	Scentless Apprentice	Nirvana	In Utero - 20th Anniversary Remaster
December 30, 2016 at 05:19PM	About A Girl	Nirvana	MTV Unplugged In New York
December 30, 2016 at 05:23PM	Lithium	Nirvana	Nevermind (Remastered)
December 30, 2016 at 05:27PM	Love Buzz (2009 Re-mastered Version)	Nirvana	Bleach (Deluxe)
December 30, 2016 at 05:31PM	Heart-Shaped Box	Nirvana	In Utero - 20th Anniversary Remaster
December 30, 2016 at 05:35PM	Jesus Doesn't Want Me For A Sunbeam	Nirvana	MTV Unplugged In New York
December 30, 2016 at 05:40PM	In Bloom	Nirvana	Nevermind (Remastered)
December 30, 2016 at 05:44PM	Sifting (2009 Re-mastered Version)	Nirvana	Bleach (Deluxe)
December 30, 2016 at 05:50PM	Milk It	Nirvana	In Utero - 20th Anniversary Remaster
December 30, 2016 at 05:54PM	Where Did You Sleep Last Night	Nirvana	MTV Unplugged In New York
December 30, 2016 at 05:59PM	Drain You	Nirvana	Nevermind (Remastered)
December 30, 2016 at 06:02PM	Blew (2009 Re-mastered Version)	Nirvana	Bleach (Deluxe)
December 30, 2016 at 06:04PM	Rape Me	Nirvana	In Utero - 20th Anniversary Remaster
December 30, 2016 at 06:07PM	Oh Me	Nirvana	MTV Unplugged In New York
December 30, 2016 at 06:10PM	Lounge Act	Nirvana	Nevermind (Remastered)
December 30, 2016 at 06:13PM	Spank Thru (Live At Pine Street Theatre)	Nirvana	Bleach (Deluxe)
December 30, 2016 at 06:16PM	Radio Friendly Unit Shifter	Nirvana	In Utero - 20th Anniversary Remaster
December 30, 2016 at 06:36PM	Alive	Pearl Jam	Ten
December 30, 2016 at 06:42PM	Just Breathe	Pearl Jam	Backspacer
December 30, 2016 at 06:43PM	Yellow Ledbetter	Pearl Jam	rearviewmirror (greatest hits 1991-2003) [Explicit]
December 30, 2016 at 06:44PM	Just Got Paid (Album Version)	Johnny Kemp	Radio Hits Of the '80s
December 30, 2016 at 06:48PM	Learn to Fly	Foo Fighters	There Is Nothing Left To Lose
December 30, 2016 at 06:52PM	Poison	Bell Biv DeVoe	Poison
December 30, 2016 at 06:53PM	Basket Case	Green Day	Dookie  [Explicit]
December 30, 2016 at 06:54PM	All The Small Things	blink-182	Enema Of The State [Explicit]
December 30, 2016 at 06:57PM	Freedom! '90	George Michael	Ladies And Gentlemen... The Best Of George Michael [Clean]
December 30, 2016 at 07:02PM	Mo Money Mo Problems (Featuring Mase & Puff Daddy)	The Notorious B.I.G.	Life After Death (Deluxe Version) [Explicit]
December 30, 2016 at 07:04PM	The Next Episode [feat. Snoop Dogg] [Explicit]	Dr. Dre	2001 [Explicit]
December 30, 2016 at 07:07PM	Macarena	Los Del Rio	One Hit, That's It
December 30, 2016 at 07:11PM	Scar Tissue	Red Hot Chili Peppers	Californication [Explicit]
December 30, 2016 at 07:14PM	What I Got (Explicit)	Sublime	Sublime (Deluxe Edition)
December 30, 2016 at 07:17PM	Hero	Mariah Carey	Greatest Hits
December 30, 2016 at 07:21PM	Cumbersome	Seven Mary Three	American Standard [Explicit]
December 30, 2016 at 07:25PM	Gangsta's Paradise (feat. L.V.)	Coolio	Gangsta's Paradise [Explicit]
December 30, 2016 at 07:29PM	Iris	The Goo Goo Dolls	Dizzy Up The Girl
December 30, 2016 at 07:34PM	Jump Around [Explicit]	House Of Pain	House Of Pain [Explicit]
December 30, 2016 at 07:38PM	Come As You Are	Nirvana	Nevermind (Remastered)
December 30, 2016 at 07:42PM	Kryptonite	3 Doors Down	The Better Life
December 30, 2016 at 07:45PM	Cowboy [Explicit]	Kid Rock	Devil Without A Cause [Explicit]
December 30, 2016 at 07:50PM	Enter Sandman	Metallica	Metallica
December 30, 2016 at 07:55PM	Baby Got Back [Explicit]	Sir Mix-A-Lot	Mack Daddy
December 30, 2016 at 08:00PM	December	Collective Soul	Collective Soul
December 30, 2016 at 08:04PM	Ice Ice Baby	Vanilla Ice	To The Extreme
December 30, 2016 at 08:09PM	Cotton Eye Joe	Rednex	Sex & Violins
December 30, 2016 at 08:12PM	I'm Gonna Be (500 Miles)	The Proclaimers	Sunshine On Leith
December 30, 2016 at 08:16PM	Wonderwall (Remastered)	Oasis	(What's the Story) Morning Glory? [Remastered]
December 30, 2016 at 08:20PM	The Distance	Cake	Fashion Nugget [Explicit]
December 30, 2016 at 08:23PM	I Will Always Love You	Whitney Houston	Whitney The Greatest Hits
December 30, 2016 at 08:28PM	Sabotage [Explicit]	Beastie Boys	Ill Communication [Explicit]
December 30, 2016 at 08:31PM	Otherside	Red Hot Chili Peppers	Californication [Explicit]
December 30, 2016 at 08:35PM	Everlong	Foo Fighters	The Colour And The Shape
December 30, 2016 at 08:39PM	November Rain	Guns N' Roses	Use Your Illusion I
December 30, 2016 at 08:48PM	Ignition (Remix)	R. Kelly	Chocolate Factory
December 30, 2016 at 08:51PM	You Don't Know How It Feels	Tom Petty	Wildflowers
December 30, 2016 at 08:56PM	Pure Massacre (Remastered)	Silverchair	Frogstomp 20th Anniversary (Remastered)
December 30, 2016 at 09:01PM	Lullabye (Goodnight, My Angel)	Billy Joel	River Of Dreams
December 30, 2016 at 09:04PM	Today	Smashing Pumpkins	Siamese Dream
December 30, 2016 at 09:08PM	What It's Like [Explicit]	Everlast	Whitey Ford Sings The Blues [Explicit]
December 30, 2016 at 09:13PM	Bulls on Parade	Rage Against The Machine	Evil Empire [Explicit]
December 30, 2016 at 09:17PM	Shine	Collective Soul	Hints, Allegations & Things Left Unsaid
December 30, 2016 at 09:22PM	Nutshell	Alice In Chains	Jar Of Flies
December 30, 2016 at 09:26PM	When I Come Around	Green Day	Dookie  [Explicit]
December 30, 2016 at 09:29PM	Notorious Thugs [Featuring Bone Thugs and Harmony] [Explicit]	The Notorious B.I.G.	Greatest Hits [Explicit]
December 30, 2016 at 09:35PM	Plowed	Sponge	Rotting Pinata
December 30, 2016 at 09:39PM	My Own Worst Enemy [Explicit]	Lit	A Place In The Sun [Explicit]
December 30, 2016 at 09:41PM	Self-Esteem	The Offspring	Smash [Remastered]
December 30, 2016 at 09:46PM	My Heart Will Go On (Love Theme From ''Titanic'')	Celine Dion	The Essential Celine Dion
December 30, 2016 at 09:50PM	Buddy Holly	Weezer	Weezer (Blue Album)
December 30, 2016 at 09:53PM	Waterfalls	TLC	Crazysexycool
December 30, 2016 at 09:58PM	Closer [Explicit]	Nine Inch Nails	The Downward Spiral
December 30, 2016 at 10:04PM	Lump	The Presidents of the United States of America	The Presidents of The United States of America: Ten Year Super Bonus Special Anniversary Edition
December 30, 2016 at 10:06PM	Californication	Red Hot Chili Peppers	Californication [Explicit]
December 30, 2016 at 10:12PM	What's My Age Again? (Album Version)	blink-182	Enema Of The State [Explicit]
December 30, 2016 at 10:14PM	Believe	Cher	Believe
December 30, 2016 at 10:18PM	The Freshmen	The Verve Pipe	Villains
December 30, 2016 at 10:23PM	Plush	Stone Temple Pilots	Thank You
December 30, 2016 at 10:28PM	No Ordinary Love	Sade	Love Deluxe
December 30, 2016 at 10:35PM	Hunger Strike	Temple Of The Dog	Temple Of The Dog
December 30, 2016 at 10:39PM	Don't Let The Sun Go Down On Me	George Michael & Elton John	Ladies And Gentlemen... The Best Of George Michael [Clean]
December 30, 2016 at 10:45PM	Everything You Want	Vertical Horizon	Everything You Want
December 30, 2016 at 10:49PM	Will You Be There (Theme from ''Free Willy'')	Michael Jackson	Free Willy - Original Motion Picture Soundtrack
December 30, 2016 at 10:55PM	Forgot About Dre [feat. Eminem] [Explicit]	Dr. Dre	2001 [Explicit]
December 30, 2016 at 10:59PM	Far Behind	Candlebox	Candlebox [Explicit]
December 30, 2016 at 11:04PM	Creep [Explicit]	Radiohead	Pablo Honey [Explicit]
December 30, 2016 at 11:08PM	Everybody (Backstreet's Back) (Extended Version)	Backstreet Boys	Backstreet Boys
December 30, 2016 at 11:13PM	3:00 AM	Matchbox Twenty	Yourself Or Someone Like You
December 30, 2016 at 11:17PM	Badfish	Sublime	40oz. To Freedom [Explicit]
December 30, 2016 at 11:20PM	Fly [Explicit]	Sugar Ray	Floored [Explicit]
December 30, 2016 at 11:24PM	Gonna Make You Sweat (Everybody Dance Now) (The Slammin' Vocal Club Mix)	C+C Music Factory	Gonna Make You Sweat
December 30, 2016 at 11:28PM	Under The Bridge	Red Hot Chili Peppers	Blood Sugar Sex Magik (U.S. Version) [Explicit]
December 30, 2016 at 11:32PM	Brain Stew	Green Day	Insomniac [Explicit]
December 30, 2016 at 11:35PM	Rooster (Album Version)	Alice In Chains	Dirt
December 30, 2016 at 11:42PM	Hypnotize [Explicit]	The Notorious B.I.G.	Greatest Hits [Explicit]
December 30, 2016 at 11:46PM	Ambitionz Az A Ridah [Explicit]	2Pac	All Eyez On Me [Explicit]
December 30, 2016 at 11:50PM	Fade Into You	Mazzy Star	So Tonight That I Might See
December 30, 2016 at 11:55PM	Name	The Goo Goo Dolls	A Boy Named Goo [Explicit]
December 31, 2016 at 12:00AM	Smells Like Teen Spirit	Nirvana	Nevermind (Remastered)
December 31, 2016 at 12:05AM	You Sang To Me	Marc Anthony	Marc Anthony
December 31, 2016 at 12:10AM	Lightning Crashes	Live	Throwing Copper
December 31, 2016 at 12:16AM	Fantasy	Mariah Carey	Daydream
December 31, 2016 at 12:20AM	Secret Garden	Bruce Springsteen	Greatest Hits
December 31, 2016 at 12:24AM	You Oughta Know [Explicit]	Alanis Morissette	Jagged Little Pill
December 31, 2016 at 12:29AM	Killing In The Name	Rage Against The Machine	Rage Against The Machine
December 31, 2016 at 12:34AM	I Believe I Can Fly	R. Kelly	R. [Explicit]
December 31, 2016 at 12:39AM	Sex Type Thing	Stone Temple Pilots	Core
December 31, 2016 at 12:43AM	Ordinary World	Duran Duran	Duran Duran [The Wedding Album]
December 31, 2016 at 12:48AM	Doo Wop (That Thing)	Lauryn Hill	The Miseducation of Lauryn Hill
December 31, 2016 at 12:54AM	1979	The Smashing Pumpkins	Mellon Collie and the Infinite Sadness (2012 - Remaster) [Explicit]
December 31, 2016 at 12:58AM	In The Meantime	Spacehog	Resident Alien [Explicit]
December 31, 2016 at 01:03AM	Zombie	The Cranberries	40ème Festival Interceltique de Lorient
December 31, 2016 at 01:08AM	Rain King	Counting Crows	August And Everything After
December 31, 2016 at 01:13AM	Friday I'm In Love	The Cure	Wish [Explicit]
December 31, 2016 at 01:16AM	I Want It That Way	Backstreet Boys	Millennium
December 31, 2016 at 01:20AM	Push	Matchbox Twenty	Yourself Or Someone Like You
December 31, 2016 at 01:24AM	Inside Out	Eve 6	Eve 6
December 31, 2016 at 01:27AM	Good Riddance (Time Of Your Life) [Explicit]	Green Day	Nimrod
December 31, 2016 at 01:30AM	Dear Mama [Explicit]	2Pac	Me Against The World [Explicit]
December 31, 2016 at 01:35AM	No Diggity (Album Version) [feat. Queen Pen] [Clean]	Blackstreet	Another Level [Clean]
December 31, 2016 at 01:40AM	Black Hole Sun	Soundgarden	Superunknown (Super Deluxe Edition)
December 31, 2016 at 01:45AM	Gin And Juice (feat. Dat Nigga Daz) [Explicit]	Snoop Dogg	Doggystyle [Explicit]
December 31, 2016 at 01:49AM	No Rain	Blind Melon	Blind Melon
December 31, 2016 at 01:52AM	Freedom! '90	George Michael	Ladies And Gentlemen... The Best Of George Michael [Clean]
December 31, 2016 at 01:59AM	Pale September	Fiona Apple	Tidal
December 31, 2016 at 02:05AM	In Bloom	Nirvana	Nevermind (Remastered)
December 31, 2016 at 02:09AM	Good Love	Johnnie Taylor	Good Love!
December 31, 2016 at 02:13AM	Absolutely (Story of a Girl) (Radio Mix)	Nine Days	The Madding Crowd
December 31, 2016 at 02:16AM	Comedown	Bush	Sixteen Stone (Remastered)
December 31, 2016 at 02:22AM	Got the Life	Korn	Follow The Leader [Explicit]
December 31, 2016 at 02:25AM	Enjoy The Silence (2006 Remastered Version)	Depeche Mode	Violator [Digital Version]
December 31, 2016 at 02:32AM	Bump N' Grind	R. Kelly	12 Play
December 31, 2016 at 02:36AM	Even Better Than The Real Thing	U2	Achtung Baby
December 31, 2016 at 02:40AM	Bullet With Butterfly Wings	The Smashing Pumpkins	Mellon Collie and the Infinite Sadness (2012 - Remaster) [Explicit]
December 31, 2016 at 02:44AM	Adam's Song	blink-182	Enema Of The State [Explicit]
December 31, 2016 at 02:48AM	Last Kiss	Pearl Jam	rearviewmirror (greatest hits 1991-2003) [Explicit]
December 31, 2016 at 02:51AM	Still D.R.E. [feat. Snoop Dogg] [Explicit]	Dr. Dre	2001 [Explicit]
December 31, 2016 at 02:56AM	Peaches	The Presidents of the United States of America	The Presidents of The United States of America: Ten Year Super Bonus Special Anniversary Edition
December 31, 2016 at 02:59AM	Real World	Matchbox Twenty	Yourself Or Someone Like You
December 31, 2016 at 03:03AM	By Your Side	Sade	Lovers Rock
December 31, 2016 at 03:07AM	Basket Case	Green Day	Dookie  [Explicit]
December 31, 2016 at 03:10AM	If	Janet Jackson	Janet
December 31, 2016 at 03:15AM	Bitter Sweet Symphony	The Verve	Urban Hymns
December 31, 2016 at 03:21AM	Give It Away	Red Hot Chili Peppers	Blood Sugar Sex Magik (U.S. Version) [Explicit]
December 31, 2016 at 03:25AM	When It Hurts So Bad	Lauryn Hill	The Miseducation of Lauryn Hill
December 31, 2016 at 03:31AM	Nookie	Limp Bizkit	Significant Other
December 31, 2016 at 03:36AM	What Is Love (Single Mix)	Haddaway	What Is Love (Single)
December 31, 2016 at 03:40AM	All Star	Smash Mouth	Astro Lounge
December 31, 2016 at 03:44AM	Gangsta's Paradise (feat. L.V.)	Coolio	Gangsta's Paradise [Explicit]
December 31, 2016 at 03:48AM	Say It Ain't So	Weezer	Weezer (Blue Album)
December 31, 2016 at 03:52AM	Everlong	Foo Fighters	The Colour And The Shape
December 31, 2016 at 03:56AM	Just A Girl	No Doubt	Tragic Kingdom
December 31, 2016 at 04:00AM	Baby Got Back [Explicit]	Sir Mix-A-Lot	Mack Daddy
December 31, 2016 at 04:04AM	Enter Sandman	Metallica	Metallica
December 31, 2016 at 04:10AM	Time Bomb	Rancid	...And Out Come The Wolves
December 31, 2016 at 04:12AM	Ruff Ryders' Anthem [Explicit]	DMX	It's Dark And Hell Is Hot [Explicit]
December 31, 2016 at 04:16AM	All The Small Things	blink-182	Enema Of The State [Explicit]
December 31, 2016 at 04:19AM	Man In The Box	Alice In Chains	Greatest Hits
December 31, 2016 at 04:23AM	The Next Episode [feat. Snoop Dogg] [Explicit]	Dr. Dre	2001 [Explicit]
December 31, 2016 at 04:26AM	Sabotage [Explicit]	Beastie Boys	Ill Communication [Explicit]
December 31, 2016 at 04:29AM	Dead & Bloated [Explicit]	Stone Temple Pilots	Core
December 31, 2016 at 04:34AM	You Learn	Alanis Morissette	Jagged Little Pill
December 31, 2016 at 04:38AM	Ignition (Remix)	R. Kelly	Chocolate Factory
December 31, 2016 at 04:41AM	Scar Tissue	Red Hot Chili Peppers	Californication [Explicit]
December 31, 2016 at 04:45AM	I Will Always Love You	Whitney Houston	Whitney The Greatest Hits
December 31, 2016 at 04:49AM	Yellow Ledbetter	Pearl Jam	rearviewmirror (greatest hits 1991-2003) [Explicit]
December 31, 2016 at 04:54AM	2 Of Amerikaz Most Wanted [Explicit]	2Pac	All Eyez On Me [Explicit]
December 31, 2016 at 04:59AM	What I Got (Explicit)	Sublime	Sublime (Deluxe Edition)
December 31, 2016 at 05:01AM	All Eyes On Me	The Goo Goo Dolls	Dizzy Up The Girl
December 31, 2016 at 05:05AM	Mr. Jones	Counting Crows	August And Everything After
December 31, 2016 at 05:10AM	The Distance	Cake	Fashion Nugget [Explicit]
December 31, 2016 at 05:13AM	Leave Me Alone	Natalie Imbruglia	Left Of The Middle
December 31, 2016 at 05:17AM	Dumb	Nirvana	MTV Unplugged In New York
December 31, 2016 at 05:20AM	Bulls on Parade	Rage Against The Machine	Evil Empire [Explicit]
December 31, 2016 at 05:24AM	Don't Let The Sun Go Down On Me	George Michael & Elton John	Ladies And Gentlemen... The Best Of George Michael [Clean]
December 31, 2016 at 05:30AM	Runaway Train	Soul Asylum	Grave Dancers Union
December 31, 2016 at 05:34AM	Bullet Proof Soul	Sade	Love Deluxe
December 31, 2016 at 05:40AM	Only God Knows Why [Explicit]	Kid Rock	Devil Without A Cause [Explicit]
December 31, 2016 at 05:45AM	Breathe Again	Toni Braxton	Toni Braxton
December 31, 2016 at 05:50AM	Ice Ice Baby	Vanilla Ice	To The Extreme
December 31, 2016 at 05:54AM	Californication	Red Hot Chili Peppers	Californication [Explicit]
December 31, 2016 at 06:00AM	Welcome To Paradise	Green Day	Dookie  [Explicit]
December 31, 2016 at 06:03AM	Cotton Eye Joe	Rednex	Sex & Violins
December 31, 2016 at 06:07AM	The Freshmen	The Verve Pipe	Villains
December 31, 2016 at 06:11AM	Hunger Strike	Temple Of The Dog	Temple Of The Dog
December 31, 2016 at 06:15AM	Kryptonite	3 Doors Down	The Better Life
December 31, 2016 at 06:19AM	Break Stuff	Limp Bizkit	Significant Other
December 31, 2016 at 06:22AM	Learn to Fly	Foo Fighters	There Is Nothing Left To Lose
December 31, 2016 at 06:26AM	Have I Told You Lately (2008 Remastered Version)	Rod Stewart	Vagabond Heart
December 31, 2016 at 06:30AM	Come As You Are	Nirvana	Nevermind (Remastered)
December 31, 2016 at 06:34AM	Back 2 Good	Matchbox Twenty	Yourself Or Someone Like You
December 31, 2016 at 06:39AM	California Love (remix) [Explicit]	2Pac	All Eyez On Me [Explicit]
December 31, 2016 at 06:46AM	Undone - The Sweater Song	Weezer	Weezer (Blue Album)
December 31, 2016 at 06:51AM	Iris	The Goo Goo Dolls	Dizzy Up The Girl
December 31, 2016 at 06:56AM	Always Be My Baby	Mariah Carey	Greatest Hits
December 31, 2016 at 07:00AM	Jump Around [Explicit]	House Of Pain	House Of Pain [Explicit]
December 31, 2016 at 07:04AM	November Rain	Guns N' Roses	Use Your Illusion I
December 31, 2016 at 07:13AM	You Get What You Give	New Radicals	Maybe You've Been Brainwashed Too
December 31, 2016 at 07:18AM	I'm Gonna Be (500 Miles)	The Proclaimers	Sunshine On Leith
December 31, 2016 at 07:21AM	Wonderwall (Remastered)	Oasis	(What's the Story) Morning Glory? [Remastered]
December 31, 2016 at 07:26AM	Wannabe (Radio Edit)	Spice Girls	Spice
December 31, 2016 at 07:28AM	My Own Worst Enemy [Explicit]	Lit	A Place In The Sun [Explicit]
December 31, 2016 at 07:29AM	Radioactive	Imagine Dragons	Night Visions
December 31, 2016 at 07:56AM	Happy Xmas (War Is Over)	Sarah McLachlan feat. The Sarah McLachlan Music Outreach Children's Choir and Youth Choir	Wintersong
December 31, 2016 at 08:02AM	Lips Are Movin	Meghan Trainor	Title (Deluxe)
December 31, 2016 at 08:05AM	Rooster (Album Version)	Alice In Chains	Dirt
December 31, 2016 at 08:05AM	Round And Round	Imagine Dragons	Night Visions (Deluxe)
December 31, 2016 at 08:05AM	Title	Meghan Trainor	Title (Deluxe)
December 31, 2016 at 08:06AM	Champagne Problems	Meghan Trainor	Thank You (Deluxe)
December 31, 2016 at 08:06AM	My Selfish Heart	Meghan Trainor	Title (Deluxe)
December 31, 2016 at 08:07AM	Kindly Calm Me Down	Meghan Trainor	Thank You (Deluxe)
December 31, 2016 at 08:07AM	NO	Meghan Trainor	Thank You (Deluxe)
December 31, 2016 at 08:09AM	All I Want For Christmas Is You	Michael Bublé	Christmas
December 31, 2016 at 08:29AM	It's the Most Wonderful Time of the Year	Andy Williams	The Andy Williams Christmas Album
December 31, 2016 at 08:32AM	Angels We Have Heard on High	Pentatonix	PTXmas (Deluxe Edition)
December 31, 2016 at 08:36AM	Ave Maria	Michael Bublé	Christmas
December 31, 2016 at 08:40AM	What I'm Thankful For (The Thanksgiving Song) (with James Taylor)	Garth Brooks and Trisha Yearwood	Christmas Together
December 31, 2016 at 08:41AM	Jingle Bell Rock	Bobby Helms	Jingle Bell Rock
December 31, 2016 at 08:43AM	Blue Christmas	Elvis Presley	The Classic Christmas Album
December 31, 2016 at 08:46AM	Where Are You Christmas	The Piano Guys feat. Sarah Schmidt	A Family Christmas
December 31, 2016 at 09:11AM	New Falling Rain Blues	Lonnie Johnson	Lonnie Johnson Vol. 1 1937 - 1940
December 31, 2016 at 09:40AM	I Dreamed a Dream	Susan Boyle	I Dreamed A Dream
December 31, 2016 at 09:53AM	Cheap Thrills	Sia feat. Sean Paul	Cheap Thrills
December 31, 2016 at 09:57AM	One Dance [feat. WizKid]	Drake	Views [Explicit]
December 31, 2016 at 10:00AM	Ride	twenty one pilots	Blurryface
December 31, 2016 at 10:03AM	Roses	The Chainsmokers feat. ROZES	Bouquet
December 31, 2016 at 10:07AM	Can't Stop The Feeling! (Original Song From Dreamworks Animation's "Trolls")	Justin Timberlake	Trolls (Original Motion Picture Soundtrack)
December 31, 2016 at 10:11AM	My House	Flo Rida	My House
December 31, 2016 at 10:14AM	Work from Home	Fifth Harmony feat. Ty Dolla $ign	7/27 (Deluxe) [Explicit]
December 31, 2016 at 10:18AM	Lean On (feat. MØ & DJ Snake)	Major Lazer	Peace Is The Mission [Explicit]
December 31, 2016 at 10:21AM	Wild [Feat. Alessia Cara]	Troye Sivan	Blue Neighbourhood [Explicit]
December 31, 2016 at 10:24AM	Sit Still, Look Pretty	Daya	Sit Still, Look Pretty
December 31, 2016 at 10:28AM	Company	Justin Bieber	Purpose (Deluxe)
December 31, 2016 at 10:31AM	Broccoli	D.R.A.M. (feat. Lil Yachty)	Broccoli (feat. Lil Yachty) - Single
December 31, 2016 at 10:35AM	Make Me... (feat. G-Eazy)	Britney Spears feat. G-Eazy	Glory (Deluxe Version) [Explicit]
December 31, 2016 at 10:39AM	Never Be Like You (feat. Kai) [Explicit]	Flume & Kai	Skin [Explicit]
December 31, 2016 at 10:43AM	Like I Would	ZAYN	Mind Of Mine (Deluxe Edition) [Explicit]
December 31, 2016 at 10:46AM	Me & The Rhythm	Selena Gomez	Revival (Deluxe)
December 31, 2016 at 10:49AM	Want to Want Me	Jason Derulo	Everything Is 4 [Explicit]
December 31, 2016 at 10:53AM	NO	Meghan Trainor	Thank You (Deluxe)
December 31, 2016 at 10:56AM	Drunk In The Morning	Lukas Graham	Lukas Graham
December 31, 2016 at 11:00AM	Perfect	One Direction	Made In The A.M.
December 31, 2016 at 11:04AM	Wild Things	Alessia Cara	Know-It-All (Deluxe)
December 31, 2016 at 11:07AM	On My Mind	Ellie Goulding	Delirium (Deluxe) [Explicit]
December 31, 2016 at 11:10AM	Stitches	Shawn Mendes	Handwritten (Deluxe)
December 31, 2016 at 11:14AM	Hymn For The Weekend	Coldplay	A Head Full Of Dreams
December 31, 2016 at 11:24AM	Smells Like Teen Spirit	Nirvana	Nevermind (Remastered)
December 31, 2016 at 11:24AM	Faith (Remastered)	George Michael	Faith [Explicit]
December 31, 2016 at 11:28AM	Hard Habit To Break	Chicago	The Very Best Of: Only The Beginning
December 31, 2016 at 11:32AM	With Or Without You (Remastered)	U2	The Joshua Tree (Remastered)
December 31, 2016 at 11:37AM	Ride the Lightning (Live at Rasputin Music, Berkeley, CA - April 16th, 2016)	Metallica	Hardwired...To Self-Destruct (Deluxe)
December 31, 2016 at 11:44AM	Wake Me up Before You Go-Go	Wham!	Make It Big
December 31, 2016 at 11:48AM	Greatest Love of All	Whitney Houston	Whitney The Greatest Hits
December 31, 2016 at 11:53AM	Africa [Clean]	Toto	Toto IV
December 31, 2016 at 11:58AM	Eye of the Tiger	Survivor	Eye Of The Tiger
December 31, 2016 at 12:02PM	We Didn't Start The Fire [Clean]	Billy Joel	The Essential Billy Joel
December 31, 2016 at 12:07PM	Brass Monkey	Beastie Boys	Licensed To Ill
December 31, 2016 at 12:09PM	Livin' On A Prayer	Bon Jovi	Slippery When Wet (Remastered)
December 31, 2016 at 12:14PM	Sharp Dressed Man (2008 Remastered Version)	ZZ Top	Eliminator
December 31, 2016 at 12:18PM	Everybody Wants To Rule The World	Tears For Fears	Songs From The Big Chair
December 31, 2016 at 12:22PM	Tango In The Night	Fleetwood Mac	Tango In The Night
December 31, 2016 at 12:26PM	Alone	Heart	The Essential Heart
December 31, 2016 at 12:30PM	Sweet Child O' Mine	Guns N' Roses	Appetite For Destruction [Explicit]
December 31, 2016 at 12:36PM	I'm on Fire	Bruce Springsteen	Born In The U.S.A.
December 31, 2016 at 12:38PM	Careless Whisper	George Michael	Ladies And Gentlemen... The Best Of George Michael [Clean]
December 31, 2016 at 12:43PM	Your Love	The Outfield	Big Innings: The Best Of The Outfield
December 31, 2016 at 12:47PM	Your Secret Love	Luther Vandross	The Ultimate Luther Vandross
December 31, 2016 at 12:51PM	Islands in the Stream	Dolly Parton & Kenny Rogers	Ultimate Dolly Parton
December 31, 2016 at 12:55PM	Big Mouth	Whodini	Funky Beat: The Best Of Whodini
December 31, 2016 at 01:11PM	Your Man	Josh Turner	Your Man
December 31, 2016 at 01:12PM	Just Dance [feat. Colby O'Donis]	Lady Gaga	The Fame
December 31, 2016 at 01:16PM	I Gotta Feeling	The Black Eyed Peas	The E.N.D. (The Energy Never Dies)
December 31, 2016 at 01:21PM	You Belong With Me	Taylor Swift	Fearless
December 31, 2016 at 01:24PM	I'm Yours	Jason Mraz	We Sing. We Dance. We Steal Things. [Explicit]
December 31, 2016 at 01:28PM	SexyBack [Explicit]	Justin Timberlake feat. Timbaland	FutureSex/LoveSounds [Explicit] (Bonus Track)
December 31, 2016 at 01:32PM	Low (feat T-Pain)	Flo Rida	Mail On Sunday [Explicit]
December 31, 2016 at 01:36PM	Hips Don't Lie (Featuring Wyclef Jean)	Shakira feat. Wyclef Jean	Oral Fixation Vol. 2
December 31, 2016 at 01:40PM	She Will Be Loved	Maroon 5	Songs About Jane
December 31, 2016 at 01:44PM	Halo	Beyonce	I Am...Sasha Fierce
December 31, 2016 at 01:49PM	How to Save a Life [Clean]	The Fray	How To Save A Life
December 31, 2016 at 01:53PM	Fix You	Coldplay	X & Y
December 31, 2016 at 01:58PM	Banana Pancakes	Jack Johnson	In Between Dreams
December 31, 2016 at 02:01PM	Make You Feel My Love	Adele	19
December 31, 2016 at 02:05PM	Without Me (Album Version) [Explicit]	Eminem	The Eminem Show (Explicit Version) [Explicit]
December 31, 2016 at 02:10PM	Hey Ya! (Radio Mix / Club Mix)	OutKast	Speakerboxxx/The Love Below [Explicit]
December 31, 2016 at 02:14PM	Apologize	OneRepublic	Dreaming Out Loud
December 31, 2016 at 02:17PM	Whatcha Say	Jason Derulo	Jason Derulo
December 31, 2016 at 02:21PM	Poker Face	Lady Gaga	The Fame
December 31, 2016 at 02:25PM	Hold On, We're Going Home [feat. Majid Jordan]	Drake	Nothing Was The Same (Deluxe) [Explicit]
December 31, 2016 at 02:28PM	Play On	Paloma Faith	Do You Want The Truth Or Something Beautiful?
December 31, 2016 at 02:33PM	Radar	Britney Spears	Circus
December 31, 2016 at 02:36PM	Love Story	Taylor Swift	Fearless
December 31, 2016 at 02:40PM	No One	Alicia Keys	As I Am
December 31, 2016 at 02:45PM	So What [Explicit]	P!nk	Funhouse (Explicit)
December 31, 2016 at 02:48PM	This Love	Maroon 5	Songs About Jane
December 31, 2016 at 02:52PM	Gravity [Clean]	John Mayer	Continuum [Clean]
December 31, 2016 at 02:56PM	Right Round	Flo Rida	R.O.O.T.S. [Explicit] (Amazon Exclusive)
December 31, 2016 at 02:59PM	Viva La Vida	Coldplay	Viva La Vida Or Death And All His Friends
December 31, 2016 at 03:03PM	Better Together	Jack Johnson	In Between Dreams
December 31, 2016 at 03:07PM	Chasing Pavements	Adele	19
December 31, 2016 at 03:10PM	What Goes Around.../...Comes Around (Interlude)	Justin Timberlake	FutureSex/LoveSounds [Explicit] (Bonus Track)
December 31, 2016 at 03:18PM	Single Ladies (Put a Ring on It)	Beyonce	I Am...Sasha Fierce
December 31, 2016 at 03:21PM	Breakeven	The Script	The Script [Explicit]
December 31, 2016 at 03:25PM	Fireflies	Owl City	Ocean Eyes
December 31, 2016 at 03:29PM	Shape of My Heart	Backstreet Boys	Black & Blue
December 31, 2016 at 03:33PM	Collide (Acoustic Version)	Howie Day	Stop All The World Now (Special Edition Version)
December 31, 2016 at 03:37PM	Lucky	Jason Mraz & Colbie Caillat	We Sing. We Dance. We Steal Things. [Explicit]
December 31, 2016 at 03:41PM	La Tortura	Shakira feat. Alejandro Sanz	Fijación Oral Volumen 1
December 31, 2016 at 03:44PM	Parachute	Train	Save Me, San Francisco
December 31, 2016 at 03:48PM	Because of You	Kelly Clarkson	Breakaway
December 31, 2016 at 03:51PM	If I Ain't Got You	Alicia Keys	The Diary Of Alicia Keys
December 31, 2016 at 03:55PM	We Belong Together (Album Version)	Mariah Carey	The Emancipation of Mimi
December 31, 2016 at 03:59PM	Secrets	OneRepublic	Waking Up (Deluxe) (Amazon Exclusive Version)
December 31, 2016 at 04:02PM	Harder To Breathe	Maroon 5	Songs About Jane
December 31, 2016 at 04:05PM	Daughters [Clean]	John Mayer	Heavier Things
December 31, 2016 at 04:09PM	If I Had You	Adam Lambert	For Your Entertainment
December 31, 2016 at 04:13PM	My Immortal	Evanescence	Fallen
December 31, 2016 at 04:17PM	Bent	Matchbox Twenty	Mad Season
December 31, 2016 at 04:22PM	Bubbly (Album Version)	Colbie Caillat	Coco
December 31, 2016 at 04:25PM	Our Song (Album Version)	Taylor Swift	Taylor Swift
December 31, 2016 at 04:47PM	Bangarang (Feat. Sirah) [Explicit]	Skrillex	Bangarang EP [Explicit]
December 31, 2016 at 04:50PM	Monster (DotEXE Remix)	Nightcore	Dreamworld
December 31, 2016 at 04:53PM	I Can't Stop	Flux Pavilion	Lines in Wax
December 31, 2016 at 04:58PM	Cinema (Skrillex Remix)	Benny Benassi feat. Gary Go	Cinema (Pt. 2)
December 31, 2016 at 05:03PM	Superliminal	deadmau5	> album title goes here <
December 31, 2016 at 05:09PM	Timestretch	Bassnectar	Timestretch
December 31, 2016 at 05:12PM	Promises (Skrillex & Nero Remix)	Nero	Welcome Reality +
December 31, 2016 at 05:17PM	Centipede	Knife Party	Rage Valley EP [Explicit]
December 31, 2016 at 05:21PM	Make It Bun Dem	Skrillex & Damian "Jr Gong" Marley	Make It Bun Dem After Hours EP
December 31, 2016 at 05:25PM	Flying Spaghetti Monster	Doctor P	Animal Vegetable Mineral Pt. 1
December 31, 2016 at 05:29PM	Live for the Night [Explicit]	Krewella	Get Wet [Explicit]
December 31, 2016 at 05:32PM	Crave You (Adventure Club Remix)	Flight Facilities	Ultra Dance 14
December 31, 2016 at 05:34PM	Stairway to Heaven (Live At The Kennedy Center Honors)	Heart	Stairway to Heaven (Live At The Kennedy Center Honors)
December 31, 2016 at 05:35PM	Interstate Love Song	Stone Temple Pilots	Thank You
December 31, 2016 at 05:38PM	Vasoline	Stone Temple Pilots	Purple [Explicit]
December 31, 2016 at 05:41PM	Sex Type Thing	Stone Temple Pilots	Core
December 31, 2016 at 05:44PM	Pruno	Stone Temple Pilots	No. 4 [Explicit]
December 31, 2016 at 05:45PM	Revolution	Stone Temple Pilots	Evan Almighty
December 31, 2016 at 05:45PM	Trippin' On A Hole In A Paper Heart	Stone Temple Pilots	Thank You
December 31, 2016 at 05:48PM	Army Ants	Stone Temple Pilots	Purple [Explicit]
December 31, 2016 at 05:52PM	Daisy	Stone Temple Pilots	Tiny Music...Songs From The Vatican Gift Shop
December 31, 2016 at 05:54PM	Glide	Stone Temple Pilots	No. 4 [Explicit]
December 31, 2016 at 05:57PM	Naked Sunday	Stone Temple Pilots	Core
December 31, 2016 at 05:58PM	Sour Girl	Stone Temple Pilots	Thank You
December 31, 2016 at 06:02PM	Big Empty	Stone Temple Pilots	Purple [Explicit]
December 31, 2016 at 06:07PM	And So I Know	Stone Temple Pilots	Tiny Music...Songs From The Vatican Gift Shop
December 31, 2016 at 06:11PM	Atlanta	Stone Temple Pilots	No. 4 [Explicit]
December 31, 2016 at 06:12PM	Spit Out the Bone	Metallica	Hardwired...To Self-Destruct (Deluxe)
December 31, 2016 at 06:13PM	Death Of A Bachelor	Panic! At The Disco	Death Of A Bachelor
December 31, 2016 at 06:17PM	Me Too	Meghan Trainor	Thank You (Deluxe)
December 31, 2016 at 06:20PM	Love Yourself	Justin Bieber	Purpose (Deluxe)
December 31, 2016 at 06:24PM	One Dance [feat. WizKid]	Drake	Views [Explicit]
December 31, 2016 at 06:24PM	September	Justin Timberlake, Anna Kendrick and Earth, Wind & Fire	Trolls (Original Motion Picture Soundtrack)
December 31, 2016 at 06:31PM	Work from Home	Fifth Harmony feat. Ty Dolla $ign	7/27 (Deluxe) [Explicit]
December 31, 2016 at 06:34PM	Different For Girls [feat. Elle King]	Dierks Bentley	Black
December 31, 2016 at 06:37PM	Lights Come On	Jason Aldean	They Don't Know
December 31, 2016 at 06:38PM	HandClap	Fitz & The Tantrums	Fitz and The Tantrums
December 31, 2016 at 06:42PM	Can't Stop The Feeling! (Film Version)	Justin Timberlake, Anna Kendrick, Gwen Stefani, James Corden, Zooey Deschanel, Ron Funches, Caroline Hjelt, Aino Jawo, Christopher Mintz-Plasse, Kunal Nayyar	Trolls (Original Motion Picture Soundtrack)
December 31, 2016 at 06:45PM	We The People.... [Explicit]	A Tribe Called Quest	We got it from Here... Thank You 4 Your service [Explicit]
December 31, 2016 at 06:46PM	Middle of a Memory	Cole Swindell	You Should Be Here
December 31, 2016 at 06:47PM	Dark Necessities	Red Hot Chili Peppers	The Getaway
December 31, 2016 at 06:48PM	Demons	Imagine Dragons	Night Visions [+digital booklet]
December 31, 2016 at 07:04PM	Sympathy for the Devil	Rolling Stones	Forty Licks [Special Edition 12" x 12" Boxed Set] Disc 1
December 31, 2016 at 07:09PM	You Can't Always Get What You Want	Rolling Stones	Forty Licks [Special Edition 12" x 12" Boxed Set] Disc 1
December 31, 2016 at 08:15PM	Desperado	Eagles	Desperado
December 31, 2016 at 08:18PM	Dream On	Aerosmith	Aerosmith's Greatest Hits
December 31, 2016 at 08:23PM	Let It Be	The Beatles	Let It Be
December 31, 2016 at 08:27PM	You've Got A Friend	James Taylor	Greatest Hits
December 31, 2016 at 08:31PM	Wish You Were Here	Pink Floyd	Wish You Were Here
December 31, 2016 at 08:37PM	Tiny Dancer	Elton John	Madman Across The Water
December 31, 2016 at 08:43PM	Dust in the Wind	Kansas	The Best Of Kansas
December 31, 2016 at 08:46PM	Dreams	Fleetwood Mac	Rumours
December 31, 2016 at 08:51PM	Born To Run	Bruce Springsteen	Born To Run - 30th Anniversary Edition (standard)
December 31, 2016 at 08:55PM	Tumbling Dice	The Rolling Stones	Exile On Main Street (2010 Re-Mastered)
December 31, 2016 at 08:59PM	Take Me Home, Country Roads	John Denver	John Denver's Greatest Hits
December 31, 2016 at 09:02PM	We Will Rock You (Remastered 2011)	Queen	News Of The World (Deluxe Edition)
December 31, 2016 at 09:04PM	Into The Mystic	Van Morrison	Moondance (Deluxe Edition)
December 31, 2016 at 09:08PM	(Don't Fear) The Reaper	Blue Oyster Cult	Don't Fear The Reaper: The Best Of Blue Öyster Cult
December 31, 2016 at 09:13PM	American Pie	Don McLean	American Pie
December 31, 2016 at 09:21PM	She's Always A Woman	Billy Joel	Greatest Hits Volume I & Volume II
December 31, 2016 at 09:25PM	Come And Get Your Love	Redbone	Come And Get Your Love
December 31, 2016 at 09:28PM	Wonderful Tonight	Eric Clapton	Complete Clapton (Standard Release)
December 31, 2016 at 09:32PM	Witchy Woman	Eagles	Eagles
December 31, 2016 at 09:36PM	Don't Bring Me Down	Electric Light Orchestra	All Over The World: The Very Best Of ELO
December 31, 2016 at 09:40PM	Bridge Over Troubled Water	Simon & Garfunkel	The Best Of Simon & Garfunkel
December 31, 2016 at 09:45PM	Fire And Rain	James Taylor	Greatest Hits
December 31, 2016 at 09:49PM	More Than a Feeling [Clean]	Boston	Boston
December 31, 2016 at 09:53PM	Bennie And The Jets (Remastered 2014)	Elton John	Goodbye Yellow Brick Road (40th Anniversary Celebration)
December 31, 2016 at 09:59PM	Running On Empty	Jackson Browne	Running On Empty
December 31, 2016 at 10:04PM	Landslide	Fleetwood Mac	Fleetwood Mac
December 31, 2016 at 10:07PM	Can't You Hear Me Knocking (Remastered 2009)	The Rolling Stones	Sticky Fingers (Remastered)
December 31, 2016 at 10:14PM	Smoke On The Water	Deep Purple	Machine Head
December 31, 2016 at 10:20PM	We Are The Champions (Remastered 2011)	Queen	News Of The World (Deluxe Edition)
December 31, 2016 at 10:23PM	Kodachrome	Paul Simon	The Essential Paul Simon
December 31, 2016 at 10:27PM	Imagine (2010 - Remaster)	John Lennon	Imagine
December 31, 2016 at 10:30PM	A Horse with No Name	America	America
December 31, 2016 at 10:34PM	I Believe In You	Neil Young	After The Gold Rush
December 31, 2016 at 10:37PM	Comfortably Numb	Pink Floyd	The Wall
December 31, 2016 at 10:44PM	New York State of Mind	Billy Joel	Greatest Hits Volume I & Volume II
December 31, 2016 at 10:50PM	Wheel In The Sky	Journey	Greatest Hits
December 31, 2016 at 10:54PM	Hotel California	Eagles	Hotel California
December 31, 2016 at 11:01PM	Break Up to Make Up	The Stylistics	The Very Best of the Stylistics ... And More!
December 31, 2016 at 11:05PM	You Can Close Your Eyes	James Taylor	Mud Slide Slim And The Blue Horizon
December 31, 2016 at 11:07PM	Carry on Wayward Son	Kansas	The Best Of Kansas
December 31, 2016 at 11:12PM	Goodbye Yellow Brick Road (Remastered 2014)	Elton John	Goodbye Yellow Brick Road (40th Anniversary Celebration)
December 31, 2016 at 11:16PM	Sultans Of Swing	Dire Straits	Dire Straits
December 31, 2016 at 11:22PM	Sweet Emotion	Aerosmith	Toys In The Attic
December 31, 2016 at 11:26PM	Stayin' Alive (2009 Remastered Version)	Bee Gees	The Ultimate Bee Gees
December 31, 2016 at 11:31PM	Go Your Own Way	Fleetwood Mac	Rumours
December 31, 2016 at 11:35PM	Bohemian Rhapsody	Queen	A Night At The Opera (Deluxe Remastered Version)
December 31, 2016 at 11:40PM	Barracuda	Heart	The Essential Heart
December 31, 2016 at 11:45PM	Melissa	The Allman Brothers Band	Eat A Peach
December 31, 2016 at 11:49PM	If You Leave Me Now (Remastered)	Chicago	The Very Best Of: Only The Beginning
December 31, 2016 at 11:53PM	Fernando	ABBA	Arrival
December 31, 2016 at 11:57PM	September	Earth Wind & Fire	Greatest Hits
January 1, 2017 at 12:01AM	Man in Black	Johnny Cash	The Essential Johnny Cash
January 1, 2017 at 12:03AM	Beast Of Burden (Remastered)	The Rolling Stones	Some Girls (Deluxe Version)
January 1, 2017 at 12:08AM	Bang A Gong [Get It On]	T. Rex	Electric Warrior [Expanded & Remastered]
January 1, 2017 at 12:12AM	I Can't Tell You Why	Eagles	The Long Run (Remastered)
January 1, 2017 at 12:17AM	Me And Bobby McGee	Janis Joplin	Janis Joplin's Greatest Hits
January 1, 2017 at 12:22AM	Another Brick in the Wall, Pt. 2	Pink Floyd	The Wall
January 1, 2017 at 12:26AM	Long Cool Woman (In a Black Dress)	The Hollies	The Hollies' Greatest Hits
January 1, 2017 at 12:29AM	Uncle John's Band	The Grateful Dead	Workingman's Dead
January 1, 2017 at 12:34AM	Only the Good Die Young	Billy Joel	Greatest Hits Volume I & Volume II
January 1, 2017 at 12:38AM	Rocket Man (I Think It's Going To Be A Long Long Time)	Elton John	Honky Chateau (Remastered)
January 1, 2017 at 12:42AM	Cecilia	Simon & Garfunkel	The Best Of Simon & Garfunkel
January 1, 2017 at 12:45AM	Cocaine	Eric Clapton	Complete Clapton (Standard Release)
January 1, 2017 at 12:49AM	Where Do The Children Play?	Cat Stevens	Tea For The Tillerman (Remastered)
January 1, 2017 at 12:53AM	The Chain	Fleetwood Mac	Rumours
January 1, 2017 at 12:57AM	Lessons	Rush	2112 (Remastered)
January 1, 2017 at 01:01AM	Long Ago And Far Away	James Taylor	Mud Slide Slim And The Blue Horizon
January 1, 2017 at 01:04AM	Mississippi Queen	Mountain	The Best Of Mountain
January 1, 2017 at 01:06AM	Mamma Mia	ABBA	Abba
January 1, 2017 at 01:10AM	Make It With You	Bread	Best Of Bread
January 1, 2017 at 01:13AM	Lights	Journey	Greatest Hits
January 1, 2017 at 01:16AM	Let's Groove	Earth Wind & Fire	Greatest Hits
January 1, 2017 at 01:22AM	Riders On The Storm	The Doors	L.A. Woman
January 1, 2017 at 01:29AM	Somebody To Love (Remastered 2011)	Queen	A Day At The Races (Deluxe Version)
January 1, 2017 at 01:34AM	Tryin'	Eagles	Eagles
January 1, 2017 at 01:37AM	Abracadabra	The Steve Miller Band	Abracadabra
January 1, 2017 at 01:42AM	Mr. Blue Sky	Electric Light Orchestra	All Over The World: The Very Best Of ELO
January 1, 2017 at 01:47AM	The Great Gig in the Sky	Pink Floyd	The Dark Side of the Moon [Explicit]
January 1, 2017 at 01:52AM	Wild Horses (Remastered 2009)	The Rolling Stones	Sticky Fingers (Remastered)
January 1, 2017 at 01:57AM	If You Could Read My Mind	Gordon Lightfoot	If You Could Read My Mind
January 1, 2017 at 02:01AM	Train Kept A Rollin'	Aerosmith	Get Your Wings [Clean]
January 1, 2017 at 02:07AM	The Devil Went Down to Georgia	The Charlie Daniels Band	A Decade Of Hits
January 1, 2017 at 02:10AM	Moondance	Van Morrison	Moondance (Deluxe Edition)
January 1, 2017 at 02:15AM	Mona Lisas And Mad Hatters	Elton John	Honky Chateau (Remastered)
January 1, 2017 at 02:20AM	Runnin' With The Devil	Van Halen	Van Halen (Reissue)
January 1, 2017 at 02:24AM	Teach Your Children	Crosby, Stills, Nash & Young	Deja Vu
January 1, 2017 at 02:27AM	Scenes from an Italian Restaurant	Billy Joel	The Stranger
January 1, 2017 at 02:34AM	Rhiannon	Fleetwood Mac	Fleetwood Mac
January 1, 2017 at 02:38AM	Let's Get It On	Marvin Gaye	Let's Get It On (Remastered w/ Bonus Tracks)
January 1, 2017 at 02:43AM	How Sweet It Is (To Be Loved By You)	James Taylor	Greatest Hits
January 1, 2017 at 02:47AM	Knocks Me Off My Feet	Stevie Wonder	Songs In The Key Of Life
January 1, 2017 at 02:50AM	Take It Easy	Eagles	Eagles
January 1, 2017 at 02:54AM	Play That Funky Music	Wild Cherry	Wild Cherry
January 1, 2017 at 02:59AM	Refugee	Tom Petty	Damn The Torpedoes (Remastered)
January 1, 2017 at 03:02AM	Me And Julio Down By The Schoolyard	Paul Simon	The Essential Paul Simon
January 1, 2017 at 03:05AM	Time	Pink Floyd	The Dark Side of the Moon [Explicit]
January 1, 2017 at 03:12AM	Deacon Blues	Steely Dan	Aja
January 1, 2017 at 03:20AM	Sundown	Gordon Lightfoot	Sundown
January 1, 2017 at 03:23AM	Miss You (Remastered)	The Rolling Stones	Some Girls
January 1, 2017 at 03:28AM	Feels Like The First Time	Foreigner	Foreigner [Expanded]
January 1, 2017 at 03:31AM	Tiny Dancer	Elton John	Madman Across The Water
January 1, 2017 at 03:38AM	Dust in the Wind	Kansas	The Best Of Kansas
January 1, 2017 at 03:41AM	Let It Be	The Beatles	Let It Be
January 1, 2017 at 03:45AM	Baba O'Riley	The Who	Who's Next (Ultimate Masterdisk)
January 1, 2017 at 03:50AM	Dream On	Aerosmith	Aerosmith's Greatest Hits
January 1, 2017 at 03:54AM	Can't You See	The Marshall Tucker Band	Greatest Hits
January 1, 2017 at 03:58AM	Don't Stop	Fleetwood Mac	Rumours
January 1, 2017 at 04:01AM	Black Betty	Ram Jam	The Very Best Of Ram Jam
January 1, 2017 at 04:05AM	Desperado	Eagles	Desperado
January 1, 2017 at 04:09AM	Godzilla	Blue Oyster Cult	Don't Fear The Reaper: The Best Of Blue Öyster Cult
January 1, 2017 at 04:12AM	25 Or 6 To 4 (Remastered)	Chicago	The Very Best Of: Only The Beginning
January 1, 2017 at 04:17AM	Walking Man	James Taylor	Greatest Hits
January 1, 2017 at 04:21AM	Money	Pink Floyd	The Dark Side of the Moon [Explicit]
January 1, 2017 at 04:27AM	Signed, Sealed, Delivered (I'm Yours)	Stevie Wonder	Signed, Sealed And Delivered
January 1, 2017 at 04:30AM	Father And Son	Cat Stevens	Tea For The Tillerman (Remastered)
January 1, 2017 at 04:33AM	Lovin', Touchin', Squeezin'	Journey	Greatest Hits
January 1, 2017 at 04:37AM	Werewolves Of London (2007 Remastered Version)	Warren Zevon	Excitable Boy
January 1, 2017 at 04:41AM	Dancing Queen	ABBA	Arrival
January 1, 2017 at 04:45AM	Longer	Dan Fogelberg	The Very Best Of Dan Fogelberg
January 1, 2017 at 04:48AM	Ain't No Sunshine (Single Version)	Bill Withers	Greatest Hits: Lean On Me
January 1, 2017 at 04:50AM	I Ain't Been Licked (12" Version)	Diana Ross	Diana [Deluxe]
January 1, 2017 at 04:55AM	Tangled up in Blue	Bob Dylan	Blood On The Tracks
January 1, 2017 at 05:01AM	Life's Been Good	Joe Walsh	But Seriously, Folks...
January 1, 2017 at 05:10AM	Black Cow	Steely Dan	Aja
January 1, 2017 at 05:15AM	You Really Got Me	Van Halen	Van Halen (Reissue)
January 1, 2017 at 05:18AM	One Of These Nights	Eagles	One Of These Nights
January 1, 2017 at 05:23AM	Crazy Little Thing Called Love	Queen	The Game
January 1, 2017 at 05:25AM	Someone Saved My Life Tonight	Elton John	Captain Fantastic And The Brown Dirt Cowboy (Remastered)
January 1, 2017 at 05:32AM	Dreams	Fleetwood Mac	Rumours
January 1, 2017 at 05:36AM	American Pie	Don McLean	American Pie
January 1, 2017 at 05:45AM	Superstition (Album Version)	Stevie Wonder	Talking Book (Reissue)
January 1, 2017 at 05:50AM	My My, Hey Hey (Out of the Blue)	Neil Young & Crazy Horse	Rust Never Sleeps
January 1, 2017 at 05:53AM	Fire And Rain	James Taylor	Greatest Hits
January 1, 2017 at 05:57AM	Bridge Over Troubled Water	Simon & Garfunkel	The Best Of Simon & Garfunkel
January 1, 2017 at 06:02AM	Sara Smile (Remastered)	Hall & Oates	The Very Best of Daryl Hall / John Oates
January 1, 2017 at 06:05AM	Into The Mystic	Van Morrison	Moondance (Deluxe Edition)
January 1, 2017 at 06:08AM	Wish You Were Here	Pink Floyd	Wish You Were Here
January 1, 2017 at 06:14AM	Take Me Home, Country Roads	John Denver	John Denver's Greatest Hits
January 1, 2017 at 06:17AM	She's Always A Woman	Billy Joel	Greatest Hits Volume I & Volume II
January 1, 2017 at 06:20AM	Up To Me	Jethro Tull	Aqualung Live
January 1, 2017 at 06:24AM	(Don't Fear) The Reaper	Blue Oyster Cult	Don't Fear The Reaper: The Best Of Blue Öyster Cult
January 1, 2017 at 06:29AM	I Wanna Be Sedated (Remastered Version)	Ramones	Road To Ruin: Expanded and Remastered
January 1, 2017 at 06:32AM	Life In The Fast Lane	Eagles	Hotel California
January 1, 2017 at 06:36AM	We Will Rock You (Remastered 2011)	Queen	News Of The World (Deluxe Edition)
January 1, 2017 at 06:38AM	More Than a Feeling [Clean]	Boston	Boston
January 1, 2017 at 06:43AM	Wonderful Tonight	Eric Clapton	Complete Clapton (Standard Release)
January 1, 2017 at 06:47AM	Love Her Madly	The Doors	L.A. Woman
January 1, 2017 at 06:50AM	Friend Of The Devil	The Grateful Dead	American Beauty
January 1, 2017 at 06:54AM	Come And Get Your Love	Redbone	Come And Get Your Love
January 1, 2017 at 06:57AM	Landslide	Fleetwood Mac	Fleetwood Mac
January 1, 2017 at 07:00AM	Goodbye Stranger (2010 Remastered)	Supertramp	Breakfast In America (Remastered)
January 1, 2017 at 07:06AM	Wheel In The Sky	Journey	Greatest Hits
January 1, 2017 at 07:11AM	Dixie Chicken	Little Feat	Rad Gumbo: The Complete Warner Bros. Years 1971-1990
January 1, 2017 at 07:15AM	Me And Bobby McGee	Janis Joplin	Janis Joplin's Greatest Hits
January 1, 2017 at 07:19AM	Bang A Gong [Get It On]	T. Rex	Electric Warrior [Expanded & Remastered]
January 1, 2017 at 07:23AM	Carry on Wayward Son	Kansas	The Best Of Kansas
January 1, 2017 at 07:29AM	Imagine (2010 - Remaster)	John Lennon	Imagine
January 1, 2017 at 07:32AM	Don't Bring Me Down	Electric Light Orchestra	All Over The World: The Very Best Of ELO
January 1, 2017 at 07:36AM	Goodbye Yellow Brick Road (Remastered 2014)	Elton John	Goodbye Yellow Brick Road (40th Anniversary Celebration)
January 1, 2017 at 07:39AM	Comfortably Numb	Pink Floyd	The Wall
January 1, 2017 at 07:46AM	Hotel California	Eagles	Hotel California
January 1, 2017 at 07:52AM	Carry On	Crosby, Stills, Nash & Young	Deja Vu
January 1, 2017 at 07:57AM	Bohemian Rhapsody	Queen	A Night At The Opera (Deluxe Remastered Version)
January 1, 2017 at 08:03AM	Can't You Hear Me Knocking (Remastered 2009)	The Rolling Stones	Sticky Fingers (Remastered)
January 1, 2017 at 08:10AM	Secret O' Life (Album Version)	James Taylor	Greatest Hits Volume 2
January 1, 2017 at 08:13AM	What A Fool Believes	The Doobie Brothers	Minute By Minute
January 1, 2017 at 08:17AM	Knockin' On Heaven's Door	Eric Clapton	Complete Clapton (Standard Release)
January 1, 2017 at 08:21AM	Wild World	Cat Stevens	Tea For The Tillerman (Remastered)
January 1, 2017 at 08:25AM	O-o-h Child (Remastered)	The Five Stairsteps	The First Family of Soul: The Best of The Five Stairsteps
January 1, 2017 at 08:28AM	Are You Sure Hank Done It This Way (Remastered)	Waylon Jennings	Ultimate Waylon Jennings
January 1, 2017 at 08:31AM	Sweet Emotion	Aerosmith	Toys In The Attic
January 1, 2017 at 08:36AM	Gold Dust Woman	Fleetwood Mac	Rumours
January 1, 2017 at 08:41AM	Running On Empty	Jackson Browne	Running On Empty
January 1, 2017 at 08:46AM	Born To Run	Bruce Springsteen	Born To Run - 30th Anniversary Edition (standard)
January 1, 2017 at 08:50AM	Evil Woman	Electric Light Orchestra	All Over The World: The Very Best Of ELO
January 1, 2017 at 08:54AM	Feeling That Way	Journey	Infinity
January 1, 2017 at 08:58AM	Piano Man	Billy Joel	Greatest Hits Volume I & Volume II
January 1, 2017 at 09:26AM	Can't Stop The Feeling! (Original Song From Dreamworks Animation's "Trolls")	Justin Timberlake	Trolls (Original Motion Picture Soundtrack)
January 1, 2017 at 09:30AM	Brave	Sara Bareilles	The Blessed Unrest
January 1, 2017 at 09:34AM	Stressed Out	twenty one pilots	Blurryface
January 1, 2017 at 09:37AM	Hello	Adele	25
January 1, 2017 at 09:42AM	Shut Up and Dance	Walk the Moon	Talking Is Hard
January 1, 2017 at 09:45AM	Stitches	Shawn Mendes	Handwritten
January 1, 2017 at 09:49AM	Adventure Of A Lifetime	Coldplay	A Head Full Of Dreams
January 1, 2017 at 09:53AM	One Call Away	Charlie Puth	Nine Track Mind
January 1, 2017 at 09:57AM	One Last Time	Ariana Grande	My Everything
January 1, 2017 at 10:00AM	My House	Flo Rida	My House
January 1, 2017 at 10:03AM	Get Back Up Again	Anna Kendrick	Trolls (Original Motion Picture Soundtrack)
January 1, 2017 at 10:06AM	Hall of Fame	The Script feat. will.i.am	#3 [Explicit]
January 1, 2017 at 10:09AM	Scars To Your Beautiful	Alessia Cara	Know-It-All (Deluxe)
January 1, 2017 at 10:13AM	Marry You	Bruno Mars	Doo-Wops & Hooligans
January 1, 2017 at 10:17AM	Work from Home	Fifth Harmony feat. Ty Dolla $ign	7/27 (Deluxe) [Explicit]
January 1, 2017 at 10:21AM	Me Too	Meghan Trainor	Thank You (Deluxe)
January 1, 2017 at 10:24AM	Hotline Bling	Drake	Views [Explicit]
January 1, 2017 at 10:28AM	What U Workin' With?	Gwen Stefani and Justin Timberlake	Trolls (Original Motion Picture Soundtrack)
January 1, 2017 at 10:31AM	HandClap	Fitz & The Tantrums	Fitz and The Tantrums
January 1, 2017 at 10:34AM	Death Of A Bachelor	Panic! At The Disco	Death Of A Bachelor
January 1, 2017 at 10:38AM	Animals	Maroon 5	V (Deluxe) [Explicit]
January 1, 2017 at 10:42AM	Love Yourself	Justin Bieber	Purpose (Deluxe)
January 1, 2017 at 10:46AM	Cheap Thrills	Sia	This Is Acting
January 1, 2017 at 10:49AM	When We Were Young	Adele	25
January 1, 2017 at 10:54AM	The Hills [Explicit]	The Weeknd	Beauty Behind The Madness [Explicit]
January 1, 2017 at 10:58AM	Hair Up	Justin Timberlake, Gwen Stefani and Ron Funches	Trolls (Original Motion Picture Soundtrack)
January 1, 2017 at 11:01AM	Fight Song	Rachel Platten	Wildfire
January 1, 2017 at 11:04AM	Mean	Taylor Swift	Speak Now
January 1, 2017 at 11:08AM	We Don't Believe What's On TV	twenty one pilots	Blurryface
January 1, 2017 at 11:11AM	True Colors (Film Version)	Anna Kendrick and Justin Timberlake	Trolls (Original Motion Picture Soundtrack)
January 1, 2017 at 11:14AM	We Don't Talk Anymore (feat. Selena Gomez)	Charlie Puth	Nine Track Mind
January 1, 2017 at 11:18AM	Love Runs Out	OneRepublic	Native
January 1, 2017 at 11:22AM	Just the Way You Are	Bruno Mars	Doo-Wops & Hooligans
January 1, 2017 at 11:25AM	NO	Meghan Trainor	Thank You (Deluxe)
January 1, 2017 at 11:29AM	Sit Still, Look Pretty	Daya	Sit Still, Look Pretty
January 1, 2017 at 11:32AM	They Don't Know	Ariana Grande	Trolls (Original Motion Picture Soundtrack)
January 1, 2017 at 11:36AM	Honey, I'm Good.	Andy Grammer	Magazines Or Novels
January 1, 2017 at 11:39AM	Lost Boy	Ruth B.	The Intro
January 1, 2017 at 11:44AM	September	Justin Timberlake, Anna Kendrick and Earth, Wind & Fire	Trolls (Original Motion Picture Soundtrack)
January 1, 2017 at 11:48AM	Roar	Katy Perry	Prism
January 1, 2017 at 11:51AM	Stay With Me	Sam Smith	In The Lonely Hour
January 1, 2017 at 11:54AM	Water Under the Bridge	Adele	25
January 1, 2017 at 11:58AM	Take Me to Church	Hozier	Hozier
January 1, 2017 at 12:02PM	Roses	The Chainsmokers feat. ROZES	Bouquet
January 1, 2017 at 12:06PM	Move Your Feet / D.A.N.C.E. / It's A Sunshine Day	Anna Kendrick, Gwen Stefani, James Corden, Ron Funches, Walt Dohrn, Caroline Hjelt, Aino Jawo, Kunal Nayyar	Trolls (Original Motion Picture Soundtrack)
January 1, 2017 at 12:09PM	What Do You Mean?	Justin Bieber	Purpose (Deluxe)
January 1, 2017 at 12:12PM	Tear In My Heart	twenty one pilots	Blurryface
January 1, 2017 at 12:15PM	Sugar [Explicit]	Maroon 5	V (Deluxe) [Explicit]